,date,ad_x,segment_x,conversions,day_of_week_x,ad_y,segment_y,impressions,day_of_week_y,conversion rate,weekday
0,2024-01-01,,,0.0,,,,0.0,,0.0,Monday
1,2024-01-02,,,0.0,,,,0.0,,0.0,Tuesday
2,2024-01-03,,,0.0,,,,0.0,,0.0,Wednesday
3,2024-01-04,,,0.0,,,,0.0,,0.0,Thursday
4,2024-01-05,,,0.0,,,,0.0,,0.0,Friday
5,2024-01-06,,,0.0,,,,0.0,,0.0,Saturday
6,2024-01-07,,,0.0,,,,0.0,,0.0,Sunday
7,2024-01-08,,,0.0,,,,0.0,,0.0,Monday
8,2024-01-09,,,0.0,,,,0.0,,0.0,Tuesday
9,2024-01-10,,,0.0,,,,0.0,,0.0,Wednesday
10,2024-01-11,,,0.0,,,,0.0,,0.0,Thursday
11,2024-01-12,,,0.0,,,,0.0,,0.0,Friday
12,2024-01-13,,,0.0,,,,0.0,,0.0,Saturday
13,2024-01-14,,,0.0,,,,0.0,,0.0,Sunday
14,2024-01-15,,,0.0,,,,0.0,,0.0,Monday
15,2024-01-16,,,0.0,,,,0.0,,0.0,Tuesday
16,2024-01-17,,,0.0,,,,0.0,,0.0,Wednesday
17,2024-01-18,,,0.0,,,,0.0,,0.0,Thursday
18,2024-01-19,,,0.0,,,,0.0,,0.0,Friday
19,2024-01-20,,,0.0,,,,0.0,,0.0,Saturday
20,2024-01-21,,,0.0,,,,0.0,,0.0,Sunday
21,2024-01-22,,,0.0,,,,0.0,,0.0,Monday
22,2024-01-23,,,0.0,,,,0.0,,0.0,Tuesday
23,2024-01-24,,,0.0,,,,0.0,,0.0,Wednesday
24,2024-01-25,,,0.0,,,,0.0,,0.0,Thursday
25,2024-01-26,,,0.0,,,,0.0,,0.0,Friday
26,2024-01-27,,,0.0,,,,0.0,,0.0,Saturday
27,2024-01-28,,,0.0,,,,0.0,,0.0,Sunday
28,2024-01-29,,,0.0,,,,0.0,,0.0,Monday
29,2024-01-30,,,0.0,,,,0.0,,0.0,Tuesday
30,2024-01-31,,,0.0,,ad3,seg2,33.0,Wednesday,0.0,Wednesday
31,2024-02-01,,,0.0,,ad1,seg1,5.0,Thursday,0.0,Thursday
32,2024-02-01,,,0.0,,ad1,seg1,23.0,Thursday,0.0,Thursday
33,2024-02-01,,,0.0,,ad1,seg1,17.0,Thursday,0.0,Thursday
34,2024-02-01,,,0.0,,ad1,seg1,43.0,Thursday,0.0,Thursday
35,2024-02-01,,,0.0,,ad1,seg2,2.0,Thursday,0.0,Thursday
36,2024-02-01,,,0.0,,ad1,seg2,23.0,Thursday,0.0,Thursday
37,2024-02-01,,,0.0,,ad1,seg2,38.0,Thursday,0.0,Thursday
38,2024-02-01,,,0.0,,ad1,seg2,1.0,Thursday,0.0,Thursday
39,2024-02-01,,,0.0,,ad1,seg2,4.0,Thursday,0.0,Thursday
40,2024-02-01,,,0.0,,ad1,seg2,21.0,Thursday,0.0,Thursday
41,2024-02-01,,,0.0,,ad1,seg2,32.0,Thursday,0.0,Thursday
42,2024-02-01,,,0.0,,ad1,seg3,31.0,Thursday,0.0,Thursday
43,2024-02-01,,,0.0,,ad1,seg4,28.0,Thursday,0.0,Thursday
44,2024-02-01,,,0.0,,ad3,seg1,4.0,Thursday,0.0,Thursday
45,2024-02-01,,,0.0,,ad3,seg1,36.0,Thursday,0.0,Thursday
46,2024-02-01,,,0.0,,ad3,seg1,31.0,Thursday,0.0,Thursday
47,2024-02-01,,,0.0,,ad3,seg4,14.0,Thursday,0.0,Thursday
48,2024-02-02,,,0.0,,ad1,seg1,15.0,Friday,0.0,Friday
49,2024-02-02,,,0.0,,ad1,seg1,24.0,Friday,0.0,Friday
50,2024-02-02,,,0.0,,ad1,seg1,25.0,Friday,0.0,Friday
51,2024-02-02,,,0.0,,ad1,seg1,48.0,Friday,0.0,Friday
52,2024-02-02,,,0.0,,ad1,seg2,14.0,Friday,0.0,Friday
53,2024-02-02,,,0.0,,ad1,seg2,12.0,Friday,0.0,Friday
54,2024-02-02,,,0.0,,ad1,seg2,14.0,Friday,0.0,Friday
55,2024-02-02,,,0.0,,ad1,seg4,40.0,Friday,0.0,Friday
56,2024-02-02,,,0.0,,ad1,seg4,22.0,Friday,0.0,Friday
57,2024-02-02,,,0.0,,ad2,seg1,27.0,Friday,0.0,Friday
58,2024-02-02,,,0.0,,ad2,seg1,43.0,Friday,0.0,Friday
59,2024-02-02,,,0.0,,ad2,seg2,26.0,Friday,0.0,Friday
60,2024-02-02,,,0.0,,ad2,seg2,34.0,Friday,0.0,Friday
61,2024-02-02,,,0.0,,ad2,seg2,6.0,Friday,0.0,Friday
62,2024-02-02,,,0.0,,ad2,seg2,13.0,Friday,0.0,Friday
63,2024-02-02,,,0.0,,ad2,seg2,12.0,Friday,0.0,Friday
64,2024-02-02,,,0.0,,ad2,seg3,34.0,Friday,0.0,Friday
65,2024-02-02,,,0.0,,ad2,seg3,26.0,Friday,0.0,Friday
66,2024-02-02,,,0.0,,ad2,seg3,20.0,Friday,0.0,Friday
67,2024-02-02,,,0.0,,ad2,seg3,24.0,Friday,0.0,Friday
68,2024-02-02,,,0.0,,ad2,seg3,15.0,Friday,0.0,Friday
69,2024-02-02,,,0.0,,ad2,seg4,7.0,Friday,0.0,Friday
70,2024-02-02,,,0.0,,ad2,seg4,19.0,Friday,0.0,Friday
71,2024-02-02,,,0.0,,ad2,seg4,33.0,Friday,0.0,Friday
72,2024-02-02,,,0.0,,ad2,seg4,12.0,Friday,0.0,Friday
73,2024-02-02,,,0.0,,ad3,seg2,41.0,Friday,0.0,Friday
74,2024-02-02,,,0.0,,ad3,seg2,39.0,Friday,0.0,Friday
75,2024-02-02,,,0.0,,ad3,seg3,13.0,Friday,0.0,Friday
76,2024-02-02,,,0.0,,ad3,seg3,4.0,Friday,0.0,Friday
77,2024-02-02,,,0.0,,ad3,seg3,53.0,Friday,0.0,Friday
78,2024-02-02,,,0.0,,ad3,seg3,21.0,Friday,0.0,Friday
79,2024-02-03,,,0.0,,ad1,seg1,13.0,Saturday,0.0,Saturday
80,2024-02-03,,,0.0,,ad1,seg1,7.0,Saturday,0.0,Saturday
81,2024-02-03,,,0.0,,ad1,seg1,34.0,Saturday,0.0,Saturday
82,2024-02-03,,,0.0,,ad1,seg1,24.0,Saturday,0.0,Saturday
83,2024-02-03,,,0.0,,ad1,seg1,24.0,Saturday,0.0,Saturday
84,2024-02-03,,,0.0,,ad1,seg2,11.0,Saturday,0.0,Saturday
85,2024-02-03,,,0.0,,ad1,seg2,22.0,Saturday,0.0,Saturday
86,2024-02-03,,,0.0,,ad1,seg2,1.0,Saturday,0.0,Saturday
87,2024-02-03,,,0.0,,ad1,seg3,16.0,Saturday,0.0,Saturday
88,2024-02-03,,,0.0,,ad1,seg3,14.0,Saturday,0.0,Saturday
89,2024-02-03,,,0.0,,ad1,seg3,52.0,Saturday,0.0,Saturday
90,2024-02-03,,,0.0,,ad1,seg3,17.0,Saturday,0.0,Saturday
91,2024-02-03,,,0.0,,ad1,seg4,30.0,Saturday,0.0,Saturday
92,2024-02-03,,,0.0,,ad1,seg4,18.0,Saturday,0.0,Saturday
93,2024-02-03,,,0.0,,ad1,seg4,4.0,Saturday,0.0,Saturday
94,2024-02-03,,,0.0,,ad1,seg4,4.0,Saturday,0.0,Saturday
95,2024-02-03,,,0.0,,ad2,seg1,37.0,Saturday,0.0,Saturday
96,2024-02-03,,,0.0,,ad2,seg1,39.0,Saturday,0.0,Saturday
97,2024-02-03,,,0.0,,ad2,seg1,35.0,Saturday,0.0,Saturday
98,2024-02-03,,,0.0,,ad2,seg1,25.0,Saturday,0.0,Saturday
99,2024-02-03,,,0.0,,ad2,seg2,29.0,Saturday,0.0,Saturday
100,2024-02-03,,,0.0,,ad2,seg2,44.0,Saturday,0.0,Saturday
101,2024-02-03,,,0.0,,ad2,seg2,21.0,Saturday,0.0,Saturday
102,2024-02-03,,,0.0,,ad2,seg2,5.0,Saturday,0.0,Saturday
103,2024-02-03,,,0.0,,ad2,seg2,19.0,Saturday,0.0,Saturday
104,2024-02-03,,,0.0,,ad2,seg3,50.0,Saturday,0.0,Saturday
105,2024-02-03,,,0.0,,ad2,seg3,25.0,Saturday,0.0,Saturday
106,2024-02-03,,,0.0,,ad2,seg4,43.0,Saturday,0.0,Saturday
107,2024-02-03,,,0.0,,ad3,seg1,40.0,Saturday,0.0,Saturday
108,2024-02-03,,,0.0,,ad3,seg1,23.0,Saturday,0.0,Saturday
109,2024-02-03,,,0.0,,ad3,seg2,31.0,Saturday,0.0,Saturday
110,2024-02-03,,,0.0,,ad3,seg3,5.0,Saturday,0.0,Saturday
111,2024-02-03,,,0.0,,ad3,seg3,55.0,Saturday,0.0,Saturday
112,2024-02-03,,,0.0,,ad3,seg3,29.0,Saturday,0.0,Saturday
113,2024-02-03,,,0.0,,ad3,seg4,44.0,Saturday,0.0,Saturday
114,2024-02-03,,,0.0,,ad3,seg4,14.0,Saturday,0.0,Saturday
115,2024-02-04,,,0.0,,ad1,seg1,37.0,Sunday,0.0,Sunday
116,2024-02-04,,,0.0,,ad1,seg1,36.0,Sunday,0.0,Sunday
117,2024-02-04,,,0.0,,ad1,seg2,5.0,Sunday,0.0,Sunday
118,2024-02-04,,,0.0,,ad1,seg2,7.0,Sunday,0.0,Sunday
119,2024-02-04,,,0.0,,ad1,seg2,8.0,Sunday,0.0,Sunday
120,2024-02-04,,,0.0,,ad1,seg2,36.0,Sunday,0.0,Sunday
121,2024-02-04,,,0.0,,ad1,seg2,26.0,Sunday,0.0,Sunday
122,2024-02-04,,,0.0,,ad1,seg3,27.0,Sunday,0.0,Sunday
123,2024-02-04,,,0.0,,ad1,seg3,16.0,Sunday,0.0,Sunday
124,2024-02-04,,,0.0,,ad1,seg3,2.0,Sunday,0.0,Sunday
125,2024-02-04,,,0.0,,ad1,seg3,6.0,Sunday,0.0,Sunday
126,2024-02-04,,,0.0,,ad1,seg3,29.0,Sunday,0.0,Sunday
127,2024-02-04,,,0.0,,ad1,seg4,44.0,Sunday,0.0,Sunday
128,2024-02-04,,,0.0,,ad1,seg4,35.0,Sunday,0.0,Sunday
129,2024-02-04,,,0.0,,ad2,seg1,35.0,Sunday,0.0,Sunday
130,2024-02-04,,,0.0,,ad2,seg1,44.0,Sunday,0.0,Sunday
131,2024-02-04,,,0.0,,ad2,seg1,51.0,Sunday,0.0,Sunday
132,2024-02-04,,,0.0,,ad2,seg1,29.0,Sunday,0.0,Sunday
133,2024-02-04,,,0.0,,ad2,seg1,17.0,Sunday,0.0,Sunday
134,2024-02-04,,,0.0,,ad2,seg2,14.0,Sunday,0.0,Sunday
135,2024-02-04,,,0.0,,ad2,seg2,31.0,Sunday,0.0,Sunday
136,2024-02-04,,,0.0,,ad2,seg2,4.0,Sunday,0.0,Sunday
137,2024-02-04,,,0.0,,ad2,seg2,33.0,Sunday,0.0,Sunday
138,2024-02-04,,,0.0,,ad2,seg2,50.0,Sunday,0.0,Sunday
139,2024-02-04,,,0.0,,ad2,seg2,22.0,Sunday,0.0,Sunday
140,2024-02-04,,,0.0,,ad2,seg3,18.0,Sunday,0.0,Sunday
141,2024-02-04,,,0.0,,ad2,seg3,18.0,Sunday,0.0,Sunday
142,2024-02-04,,,0.0,,ad2,seg3,20.0,Sunday,0.0,Sunday
143,2024-02-04,,,0.0,,ad2,seg4,49.0,Sunday,0.0,Sunday
144,2024-02-04,,,0.0,,ad3,seg1,55.0,Sunday,0.0,Sunday
145,2024-02-04,,,0.0,,ad3,seg1,29.0,Sunday,0.0,Sunday
146,2024-02-04,,,0.0,,ad3,seg1,51.0,Sunday,0.0,Sunday
147,2024-02-04,,,0.0,,ad3,seg2,45.0,Sunday,0.0,Sunday
148,2024-02-04,,,0.0,,ad3,seg3,28.0,Sunday,0.0,Sunday
149,2024-02-04,,,0.0,,ad3,seg4,38.0,Sunday,0.0,Sunday
150,2024-02-05,,,0.0,,ad1,seg2,2.0,Monday,0.0,Monday
151,2024-02-05,,,0.0,,ad1,seg2,24.0,Monday,0.0,Monday
152,2024-02-05,,,0.0,,ad1,seg2,37.0,Monday,0.0,Monday
153,2024-02-05,,,0.0,,ad1,seg2,10.0,Monday,0.0,Monday
154,2024-02-05,,,0.0,,ad1,seg2,41.0,Monday,0.0,Monday
155,2024-02-05,,,0.0,,ad1,seg2,1.0,Monday,0.0,Monday
156,2024-02-05,,,0.0,,ad1,seg4,5.0,Monday,0.0,Monday
157,2024-02-05,,,0.0,,ad1,seg4,20.0,Monday,0.0,Monday
158,2024-02-05,,,0.0,,ad1,seg4,22.0,Monday,0.0,Monday
159,2024-02-05,,,0.0,,ad1,seg4,10.0,Monday,0.0,Monday
160,2024-02-05,,,0.0,,ad1,seg4,28.0,Monday,0.0,Monday
161,2024-02-05,,,0.0,,ad1,seg4,9.0,Monday,0.0,Monday
162,2024-02-05,,,0.0,,ad2,seg1,17.0,Monday,0.0,Monday
163,2024-02-05,,,0.0,,ad2,seg1,25.0,Monday,0.0,Monday
164,2024-02-05,,,0.0,,ad2,seg1,36.0,Monday,0.0,Monday
165,2024-02-05,,,0.0,,ad2,seg1,27.0,Monday,0.0,Monday
166,2024-02-05,,,0.0,,ad2,seg2,21.0,Monday,0.0,Monday
167,2024-02-05,,,0.0,,ad2,seg2,32.0,Monday,0.0,Monday
168,2024-02-05,,,0.0,,ad2,seg2,47.0,Monday,0.0,Monday
169,2024-02-05,,,0.0,,ad2,seg2,25.0,Monday,0.0,Monday
170,2024-02-05,,,0.0,,ad2,seg3,17.0,Monday,0.0,Monday
171,2024-02-05,,,0.0,,ad2,seg3,29.0,Monday,0.0,Monday
172,2024-02-05,,,0.0,,ad2,seg3,21.0,Monday,0.0,Monday
173,2024-02-05,,,0.0,,ad2,seg3,18.0,Monday,0.0,Monday
174,2024-02-05,,,0.0,,ad2,seg3,20.0,Monday,0.0,Monday
175,2024-02-05,,,0.0,,ad2,seg3,55.0,Monday,0.0,Monday
176,2024-02-05,,,0.0,,ad2,seg4,40.0,Monday,0.0,Monday
177,2024-02-05,,,0.0,,ad2,seg4,12.0,Monday,0.0,Monday
178,2024-02-05,,,0.0,,ad3,seg1,50.0,Monday,0.0,Monday
179,2024-02-05,,,0.0,,ad3,seg2,9.0,Monday,0.0,Monday
180,2024-02-05,,,0.0,,ad3,seg2,13.0,Monday,0.0,Monday
181,2024-02-05,,,0.0,,ad3,seg3,40.0,Monday,0.0,Monday
182,2024-02-05,,,0.0,,ad3,seg3,26.0,Monday,0.0,Monday
183,2024-02-06,,,0.0,,ad1,seg1,3.0,Tuesday,0.0,Tuesday
184,2024-02-06,,,0.0,,ad1,seg1,28.0,Tuesday,0.0,Tuesday
185,2024-02-06,,,0.0,,ad1,seg1,23.0,Tuesday,0.0,Tuesday
186,2024-02-06,,,0.0,,ad1,seg1,22.0,Tuesday,0.0,Tuesday
187,2024-02-06,,,0.0,,ad1,seg2,23.0,Tuesday,0.0,Tuesday
188,2024-02-06,,,0.0,,ad1,seg2,3.0,Tuesday,0.0,Tuesday
189,2024-02-06,,,0.0,,ad1,seg2,14.0,Tuesday,0.0,Tuesday
190,2024-02-06,,,0.0,,ad1,seg2,17.0,Tuesday,0.0,Tuesday
191,2024-02-06,,,0.0,,ad1,seg3,18.0,Tuesday,0.0,Tuesday
192,2024-02-06,,,0.0,,ad1,seg3,2.0,Tuesday,0.0,Tuesday
193,2024-02-06,,,0.0,,ad1,seg3,20.0,Tuesday,0.0,Tuesday
194,2024-02-06,,,0.0,,ad1,seg3,12.0,Tuesday,0.0,Tuesday
195,2024-02-06,,,0.0,,ad1,seg3,25.0,Tuesday,0.0,Tuesday
196,2024-02-06,,,0.0,,ad1,seg3,44.0,Tuesday,0.0,Tuesday
197,2024-02-06,,,0.0,,ad1,seg3,20.0,Tuesday,0.0,Tuesday
198,2024-02-06,,,0.0,,ad1,seg4,6.0,Tuesday,0.0,Tuesday
199,2024-02-06,,,0.0,,ad1,seg4,11.0,Tuesday,0.0,Tuesday
200,2024-02-06,,,0.0,,ad2,seg1,29.0,Tuesday,0.0,Tuesday
201,2024-02-06,,,0.0,,ad2,seg2,28.0,Tuesday,0.0,Tuesday
202,2024-02-06,,,0.0,,ad2,seg2,40.0,Tuesday,0.0,Tuesday
203,2024-02-06,,,0.0,,ad2,seg2,25.0,Tuesday,0.0,Tuesday
204,2024-02-06,,,0.0,,ad2,seg2,32.0,Tuesday,0.0,Tuesday
205,2024-02-06,,,0.0,,ad2,seg2,20.0,Tuesday,0.0,Tuesday
206,2024-02-06,,,0.0,,ad2,seg2,55.0,Tuesday,0.0,Tuesday
207,2024-02-06,,,0.0,,ad2,seg4,33.0,Tuesday,0.0,Tuesday
208,2024-02-06,,,0.0,,ad2,seg4,37.0,Tuesday,0.0,Tuesday
209,2024-02-06,,,0.0,,ad3,seg1,26.0,Tuesday,0.0,Tuesday
210,2024-02-06,,,0.0,,ad3,seg1,14.0,Tuesday,0.0,Tuesday
211,2024-02-06,,,0.0,,ad3,seg3,5.0,Tuesday,0.0,Tuesday
212,2024-02-07,,,0.0,,ad1,seg1,38.0,Wednesday,0.0,Wednesday
213,2024-02-07,,,0.0,,ad1,seg1,9.0,Wednesday,0.0,Wednesday
214,2024-02-07,,,0.0,,ad1,seg2,24.0,Wednesday,0.0,Wednesday
215,2024-02-07,,,0.0,,ad1,seg2,32.0,Wednesday,0.0,Wednesday
216,2024-02-07,,,0.0,,ad1,seg2,18.0,Wednesday,0.0,Wednesday
217,2024-02-07,,,0.0,,ad1,seg2,16.0,Wednesday,0.0,Wednesday
218,2024-02-07,,,0.0,,ad1,seg2,44.0,Wednesday,0.0,Wednesday
219,2024-02-07,,,0.0,,ad1,seg3,35.0,Wednesday,0.0,Wednesday
220,2024-02-07,,,0.0,,ad1,seg3,40.0,Wednesday,0.0,Wednesday
221,2024-02-07,,,0.0,,ad1,seg4,33.0,Wednesday,0.0,Wednesday
222,2024-02-07,,,0.0,,ad2,seg1,32.0,Wednesday,0.0,Wednesday
223,2024-02-07,,,0.0,,ad2,seg1,39.0,Wednesday,0.0,Wednesday
224,2024-02-07,,,0.0,,ad2,seg1,30.0,Wednesday,0.0,Wednesday
225,2024-02-07,,,0.0,,ad2,seg2,12.0,Wednesday,0.0,Wednesday
226,2024-02-07,,,0.0,,ad2,seg2,8.0,Wednesday,0.0,Wednesday
227,2024-02-07,,,0.0,,ad2,seg2,47.0,Wednesday,0.0,Wednesday
228,2024-02-07,,,0.0,,ad2,seg2,28.0,Wednesday,0.0,Wednesday
229,2024-02-07,,,0.0,,ad2,seg2,52.0,Wednesday,0.0,Wednesday
230,2024-02-07,,,0.0,,ad2,seg3,39.0,Wednesday,0.0,Wednesday
231,2024-02-07,,,0.0,,ad2,seg3,26.0,Wednesday,0.0,Wednesday
232,2024-02-07,,,0.0,,ad2,seg3,20.0,Wednesday,0.0,Wednesday
233,2024-02-07,,,0.0,,ad2,seg3,50.0,Wednesday,0.0,Wednesday
234,2024-02-07,,,0.0,,ad2,seg3,44.0,Wednesday,0.0,Wednesday
235,2024-02-07,,,0.0,,ad2,seg3,33.0,Wednesday,0.0,Wednesday
236,2024-02-07,,,0.0,,ad2,seg4,46.0,Wednesday,0.0,Wednesday
237,2024-02-07,,,0.0,,ad2,seg4,21.0,Wednesday,0.0,Wednesday
238,2024-02-07,,,0.0,,ad3,seg1,28.0,Wednesday,0.0,Wednesday
239,2024-02-07,,,0.0,,ad3,seg1,16.0,Wednesday,0.0,Wednesday
240,2024-02-07,,,0.0,,ad3,seg2,18.0,Wednesday,0.0,Wednesday
241,2024-02-07,,,0.0,,ad3,seg2,25.0,Wednesday,0.0,Wednesday
242,2024-02-07,,,0.0,,ad3,seg2,26.0,Wednesday,0.0,Wednesday
243,2024-02-07,,,0.0,,ad3,seg4,52.0,Wednesday,0.0,Wednesday
244,2024-02-08,,,0.0,,ad1,seg1,22.0,Thursday,0.0,Thursday
245,2024-02-08,,,0.0,,ad1,seg2,17.0,Thursday,0.0,Thursday
246,2024-02-08,,,0.0,,ad1,seg2,47.0,Thursday,0.0,Thursday
247,2024-02-08,,,0.0,,ad1,seg2,9.0,Thursday,0.0,Thursday
248,2024-02-08,,,0.0,,ad1,seg2,35.0,Thursday,0.0,Thursday
249,2024-02-08,,,0.0,,ad1,seg2,30.0,Thursday,0.0,Thursday
250,2024-02-08,,,0.0,,ad1,seg2,13.0,Thursday,0.0,Thursday
251,2024-02-08,,,0.0,,ad1,seg3,2.0,Thursday,0.0,Thursday
252,2024-02-08,,,0.0,,ad1,seg3,17.0,Thursday,0.0,Thursday
253,2024-02-08,,,0.0,,ad1,seg3,43.0,Thursday,0.0,Thursday
254,2024-02-08,,,0.0,,ad1,seg4,9.0,Thursday,0.0,Thursday
255,2024-02-08,,,0.0,,ad2,seg1,22.0,Thursday,0.0,Thursday
256,2024-02-08,,,0.0,,ad2,seg1,47.0,Thursday,0.0,Thursday
257,2024-02-08,,,0.0,,ad2,seg2,53.0,Thursday,0.0,Thursday
258,2024-02-08,,,0.0,,ad2,seg2,36.0,Thursday,0.0,Thursday
259,2024-02-08,,,0.0,,ad2,seg2,1.0,Thursday,0.0,Thursday
260,2024-02-08,,,0.0,,ad2,seg2,12.0,Thursday,0.0,Thursday
261,2024-02-08,,,0.0,,ad2,seg2,55.0,Thursday,0.0,Thursday
262,2024-02-08,,,0.0,,ad2,seg3,36.0,Thursday,0.0,Thursday
263,2024-02-08,,,0.0,,ad2,seg3,51.0,Thursday,0.0,Thursday
264,2024-02-08,,,0.0,,ad2,seg3,16.0,Thursday,0.0,Thursday
265,2024-02-08,,,0.0,,ad2,seg4,2.0,Thursday,0.0,Thursday
266,2024-02-08,,,0.0,,ad2,seg4,52.0,Thursday,0.0,Thursday
267,2024-02-08,,,0.0,,ad3,seg1,13.0,Thursday,0.0,Thursday
268,2024-02-08,,,0.0,,ad3,seg1,44.0,Thursday,0.0,Thursday
269,2024-02-08,,,0.0,,ad3,seg1,19.0,Thursday,0.0,Thursday
270,2024-02-08,,,0.0,,ad3,seg2,2.0,Thursday,0.0,Thursday
271,2024-02-08,,,0.0,,ad3,seg3,36.0,Thursday,0.0,Thursday
272,2024-02-08,,,0.0,,ad3,seg3,29.0,Thursday,0.0,Thursday
273,2024-02-09,,,0.0,,ad1,seg1,19.0,Friday,0.0,Friday
274,2024-02-09,,,0.0,,ad1,seg1,18.0,Friday,0.0,Friday
275,2024-02-09,,,0.0,,ad1,seg1,9.0,Friday,0.0,Friday
276,2024-02-09,,,0.0,,ad1,seg1,19.0,Friday,0.0,Friday
277,2024-02-09,,,0.0,,ad1,seg2,11.0,Friday,0.0,Friday
278,2024-02-09,,,0.0,,ad1,seg2,24.0,Friday,0.0,Friday
279,2024-02-09,,,0.0,,ad1,seg3,16.0,Friday,0.0,Friday
280,2024-02-09,,,0.0,,ad1,seg3,1.0,Friday,0.0,Friday
281,2024-02-09,,,0.0,,ad1,seg3,16.0,Friday,0.0,Friday
282,2024-02-09,,,0.0,,ad1,seg3,37.0,Friday,0.0,Friday
283,2024-02-09,,,0.0,,ad1,seg4,27.0,Friday,0.0,Friday
284,2024-02-09,,,0.0,,ad1,seg4,30.0,Friday,0.0,Friday
285,2024-02-09,,,0.0,,ad1,seg4,15.0,Friday,0.0,Friday
286,2024-02-09,,,0.0,,ad1,seg4,5.0,Friday,0.0,Friday
287,2024-02-09,,,0.0,,ad1,seg4,24.0,Friday,0.0,Friday
288,2024-02-09,,,0.0,,ad2,seg1,31.0,Friday,0.0,Friday
289,2024-02-09,,,0.0,,ad2,seg2,28.0,Friday,0.0,Friday
290,2024-02-09,,,0.0,,ad2,seg2,15.0,Friday,0.0,Friday
291,2024-02-09,,,0.0,,ad2,seg2,47.0,Friday,0.0,Friday
292,2024-02-09,,,0.0,,ad2,seg3,45.0,Friday,0.0,Friday
293,2024-02-09,,,0.0,,ad2,seg3,34.0,Friday,0.0,Friday
294,2024-02-09,,,0.0,,ad2,seg3,49.0,Friday,0.0,Friday
295,2024-02-09,,,0.0,,ad2,seg3,31.0,Friday,0.0,Friday
296,2024-02-09,,,0.0,,ad2,seg3,51.0,Friday,0.0,Friday
297,2024-02-09,,,0.0,,ad2,seg3,16.0,Friday,0.0,Friday
298,2024-02-09,,,0.0,,ad2,seg4,46.0,Friday,0.0,Friday
299,2024-02-09,,,0.0,,ad3,seg2,57.0,Friday,0.0,Friday
300,2024-02-09,,,0.0,,ad3,seg2,17.0,Friday,0.0,Friday
301,2024-02-09,,,0.0,,ad3,seg3,8.0,Friday,0.0,Friday
302,2024-02-09,,,0.0,,ad3,seg4,29.0,Friday,0.0,Friday
303,2024-02-10,,,0.0,,ad1,seg1,15.0,Saturday,0.0,Saturday
304,2024-02-10,,,0.0,,ad1,seg1,31.0,Saturday,0.0,Saturday
305,2024-02-10,,,0.0,,ad1,seg1,48.0,Saturday,0.0,Saturday
306,2024-02-10,,,0.0,,ad1,seg1,5.0,Saturday,0.0,Saturday
307,2024-02-10,,,0.0,,ad1,seg1,22.0,Saturday,0.0,Saturday
308,2024-02-10,,,0.0,,ad1,seg1,18.0,Saturday,0.0,Saturday
309,2024-02-10,,,0.0,,ad1,seg1,15.0,Saturday,0.0,Saturday
310,2024-02-10,,,0.0,,ad1,seg1,17.0,Saturday,0.0,Saturday
311,2024-02-10,,,0.0,,ad1,seg2,40.0,Saturday,0.0,Saturday
312,2024-02-10,,,0.0,,ad1,seg2,9.0,Saturday,0.0,Saturday
313,2024-02-10,,,0.0,,ad1,seg2,4.0,Saturday,0.0,Saturday
314,2024-02-10,,,0.0,,ad1,seg2,45.0,Saturday,0.0,Saturday
315,2024-02-10,,,0.0,,ad1,seg2,25.0,Saturday,0.0,Saturday
316,2024-02-10,,,0.0,,ad1,seg2,11.0,Saturday,0.0,Saturday
317,2024-02-10,,,0.0,,ad1,seg2,31.0,Saturday,0.0,Saturday
318,2024-02-10,,,0.0,,ad1,seg3,58.0,Saturday,0.0,Saturday
319,2024-02-10,,,0.0,,ad1,seg3,7.0,Saturday,0.0,Saturday
320,2024-02-10,,,0.0,,ad1,seg3,7.0,Saturday,0.0,Saturday
321,2024-02-10,,,0.0,,ad1,seg4,23.0,Saturday,0.0,Saturday
322,2024-02-10,,,0.0,,ad1,seg4,6.0,Saturday,0.0,Saturday
323,2024-02-10,,,0.0,,ad2,seg1,14.0,Saturday,0.0,Saturday
324,2024-02-10,,,0.0,,ad2,seg1,28.0,Saturday,0.0,Saturday
325,2024-02-10,,,0.0,,ad2,seg1,36.0,Saturday,0.0,Saturday
326,2024-02-10,,,0.0,,ad2,seg2,38.0,Saturday,0.0,Saturday
327,2024-02-10,,,0.0,,ad2,seg2,45.0,Saturday,0.0,Saturday
328,2024-02-10,,,0.0,,ad2,seg2,46.0,Saturday,0.0,Saturday
329,2024-02-10,,,0.0,,ad2,seg2,24.0,Saturday,0.0,Saturday
330,2024-02-10,,,0.0,,ad2,seg2,43.0,Saturday,0.0,Saturday
331,2024-02-10,,,0.0,,ad2,seg2,19.0,Saturday,0.0,Saturday
332,2024-02-10,,,0.0,,ad2,seg2,53.0,Saturday,0.0,Saturday
333,2024-02-10,,,0.0,,ad2,seg3,43.0,Saturday,0.0,Saturday
334,2024-02-10,,,0.0,,ad2,seg3,44.0,Saturday,0.0,Saturday
335,2024-02-10,,,0.0,,ad2,seg3,43.0,Saturday,0.0,Saturday
336,2024-02-10,,,0.0,,ad2,seg3,23.0,Saturday,0.0,Saturday
337,2024-02-10,,,0.0,,ad2,seg4,39.0,Saturday,0.0,Saturday
338,2024-02-10,,,0.0,,ad2,seg4,9.0,Saturday,0.0,Saturday
339,2024-02-10,,,0.0,,ad3,seg1,34.0,Saturday,0.0,Saturday
340,2024-02-11,,,0.0,,ad1,seg1,10.0,Sunday,0.0,Sunday
341,2024-02-11,,,0.0,,ad1,seg1,18.0,Sunday,0.0,Sunday
342,2024-02-11,,,0.0,,ad1,seg1,10.0,Sunday,0.0,Sunday
343,2024-02-11,,,0.0,,ad1,seg1,4.0,Sunday,0.0,Sunday
344,2024-02-11,,,0.0,,ad1,seg2,27.0,Sunday,0.0,Sunday
345,2024-02-11,,,0.0,,ad1,seg2,22.0,Sunday,0.0,Sunday
346,2024-02-11,,,0.0,,ad1,seg2,13.0,Sunday,0.0,Sunday
347,2024-02-11,,,0.0,,ad1,seg2,11.0,Sunday,0.0,Sunday
348,2024-02-11,,,0.0,,ad1,seg3,25.0,Sunday,0.0,Sunday
349,2024-02-11,,,0.0,,ad1,seg4,25.0,Sunday,0.0,Sunday
350,2024-02-11,,,0.0,,ad1,seg4,18.0,Sunday,0.0,Sunday
351,2024-02-11,,,0.0,,ad1,seg4,40.0,Sunday,0.0,Sunday
352,2024-02-11,,,0.0,,ad1,seg4,23.0,Sunday,0.0,Sunday
353,2024-02-11,,,0.0,,ad2,seg1,10.0,Sunday,0.0,Sunday
354,2024-02-11,,,0.0,,ad2,seg1,36.0,Sunday,0.0,Sunday
355,2024-02-11,,,0.0,,ad2,seg1,27.0,Sunday,0.0,Sunday
356,2024-02-11,,,0.0,,ad2,seg1,21.0,Sunday,0.0,Sunday
357,2024-02-11,,,0.0,,ad2,seg2,51.0,Sunday,0.0,Sunday
358,2024-02-11,,,0.0,,ad2,seg2,26.0,Sunday,0.0,Sunday
359,2024-02-11,,,0.0,,ad2,seg2,12.0,Sunday,0.0,Sunday
360,2024-02-11,,,0.0,,ad2,seg2,27.0,Sunday,0.0,Sunday
361,2024-02-11,,,0.0,,ad2,seg2,34.0,Sunday,0.0,Sunday
362,2024-02-11,,,0.0,,ad2,seg2,21.0,Sunday,0.0,Sunday
363,2024-02-11,,,0.0,,ad2,seg2,6.0,Sunday,0.0,Sunday
364,2024-02-11,,,0.0,,ad2,seg3,31.0,Sunday,0.0,Sunday
365,2024-02-11,,,0.0,,ad2,seg3,43.0,Sunday,0.0,Sunday
366,2024-02-11,,,0.0,,ad2,seg3,10.0,Sunday,0.0,Sunday
367,2024-02-11,,,0.0,,ad2,seg3,28.0,Sunday,0.0,Sunday
368,2024-02-11,,,0.0,,ad2,seg3,12.0,Sunday,0.0,Sunday
369,2024-02-11,,,0.0,,ad2,seg3,36.0,Sunday,0.0,Sunday
370,2024-02-11,,,0.0,,ad2,seg3,34.0,Sunday,0.0,Sunday
371,2024-02-11,,,0.0,,ad2,seg3,51.0,Sunday,0.0,Sunday
372,2024-02-11,,,0.0,,ad2,seg3,55.0,Sunday,0.0,Sunday
373,2024-02-11,,,0.0,,ad2,seg4,39.0,Sunday,0.0,Sunday
374,2024-02-11,,,0.0,,ad3,seg1,36.0,Sunday,0.0,Sunday
375,2024-02-11,,,0.0,,ad3,seg1,34.0,Sunday,0.0,Sunday
376,2024-02-11,,,0.0,,ad3,seg1,34.0,Sunday,0.0,Sunday
377,2024-02-11,,,0.0,,ad3,seg2,40.0,Sunday,0.0,Sunday
378,2024-02-11,,,0.0,,ad3,seg2,25.0,Sunday,0.0,Sunday
379,2024-02-11,,,0.0,,ad3,seg3,47.0,Sunday,0.0,Sunday
380,2024-02-11,,,0.0,,ad3,seg3,18.0,Sunday,0.0,Sunday
381,2024-02-11,,,0.0,,ad3,seg3,15.0,Sunday,0.0,Sunday
382,2024-02-11,,,0.0,,ad3,seg3,9.0,Sunday,0.0,Sunday
383,2024-02-11,,,0.0,,ad3,seg4,45.0,Sunday,0.0,Sunday
384,2024-02-11,,,0.0,,ad3,seg4,58.0,Sunday,0.0,Sunday
385,2024-02-12,,,0.0,,ad1,seg1,20.0,Monday,0.0,Monday
386,2024-02-12,,,0.0,,ad1,seg1,33.0,Monday,0.0,Monday
387,2024-02-12,,,0.0,,ad1,seg1,31.0,Monday,0.0,Monday
388,2024-02-12,,,0.0,,ad1,seg1,13.0,Monday,0.0,Monday
389,2024-02-12,,,0.0,,ad1,seg2,28.0,Monday,0.0,Monday
390,2024-02-12,,,0.0,,ad1,seg2,41.0,Monday,0.0,Monday
391,2024-02-12,,,0.0,,ad1,seg2,23.0,Monday,0.0,Monday
392,2024-02-12,,,0.0,,ad1,seg2,11.0,Monday,0.0,Monday
393,2024-02-12,,,0.0,,ad1,seg3,36.0,Monday,0.0,Monday
394,2024-02-12,,,0.0,,ad1,seg3,23.0,Monday,0.0,Monday
395,2024-02-12,,,0.0,,ad1,seg4,27.0,Monday,0.0,Monday
396,2024-02-12,,,0.0,,ad1,seg4,18.0,Monday,0.0,Monday
397,2024-02-12,,,0.0,,ad1,seg4,52.0,Monday,0.0,Monday
398,2024-02-12,,,0.0,,ad1,seg4,54.0,Monday,0.0,Monday
399,2024-02-12,,,0.0,,ad1,seg4,10.0,Monday,0.0,Monday
400,2024-02-12,,,0.0,,ad1,seg4,56.0,Monday,0.0,Monday
401,2024-02-12,,,0.0,,ad2,seg1,10.0,Monday,0.0,Monday
402,2024-02-12,,,0.0,,ad2,seg1,27.0,Monday,0.0,Monday
403,2024-02-12,,,0.0,,ad2,seg1,29.0,Monday,0.0,Monday
404,2024-02-12,,,0.0,,ad2,seg1,8.0,Monday,0.0,Monday
405,2024-02-12,,,0.0,,ad2,seg1,40.0,Monday,0.0,Monday
406,2024-02-12,,,0.0,,ad2,seg1,55.0,Monday,0.0,Monday
407,2024-02-12,,,0.0,,ad2,seg1,29.0,Monday,0.0,Monday
408,2024-02-12,,,0.0,,ad2,seg1,7.0,Monday,0.0,Monday
409,2024-02-12,,,0.0,,ad2,seg1,54.0,Monday,0.0,Monday
410,2024-02-12,,,0.0,,ad2,seg1,56.0,Monday,0.0,Monday
411,2024-02-12,,,0.0,,ad2,seg1,4.0,Monday,0.0,Monday
412,2024-02-12,,,0.0,,ad2,seg1,14.0,Monday,0.0,Monday
413,2024-02-12,,,0.0,,ad2,seg1,49.0,Monday,0.0,Monday
414,2024-02-12,,,0.0,,ad2,seg1,32.0,Monday,0.0,Monday
415,2024-02-12,,,0.0,,ad2,seg2,29.0,Monday,0.0,Monday
416,2024-02-12,,,0.0,,ad2,seg2,26.0,Monday,0.0,Monday
417,2024-02-12,,,0.0,,ad2,seg2,28.0,Monday,0.0,Monday
418,2024-02-12,,,0.0,,ad2,seg2,11.0,Monday,0.0,Monday
419,2024-02-12,,,0.0,,ad2,seg2,14.0,Monday,0.0,Monday
420,2024-02-12,,,0.0,,ad2,seg2,47.0,Monday,0.0,Monday
421,2024-02-12,,,0.0,,ad2,seg2,37.0,Monday,0.0,Monday
422,2024-02-12,,,0.0,,ad2,seg2,33.0,Monday,0.0,Monday
423,2024-02-12,,,0.0,,ad2,seg3,29.0,Monday,0.0,Monday
424,2024-02-12,,,0.0,,ad2,seg3,36.0,Monday,0.0,Monday
425,2024-02-12,,,0.0,,ad2,seg3,47.0,Monday,0.0,Monday
426,2024-02-12,,,0.0,,ad2,seg3,33.0,Monday,0.0,Monday
427,2024-02-12,,,0.0,,ad2,seg3,38.0,Monday,0.0,Monday
428,2024-02-12,,,0.0,,ad2,seg4,9.0,Monday,0.0,Monday
429,2024-02-12,,,0.0,,ad2,seg4,29.0,Monday,0.0,Monday
430,2024-02-12,,,0.0,,ad3,seg2,26.0,Monday,0.0,Monday
431,2024-02-12,,,0.0,,ad3,seg2,4.0,Monday,0.0,Monday
432,2024-02-12,,,0.0,,ad3,seg3,13.0,Monday,0.0,Monday
433,2024-02-13,,,0.0,,ad1,seg1,1.0,Tuesday,0.0,Tuesday
434,2024-02-13,,,0.0,,ad1,seg1,28.0,Tuesday,0.0,Tuesday
435,2024-02-13,,,0.0,,ad1,seg1,38.0,Tuesday,0.0,Tuesday
436,2024-02-13,,,0.0,,ad1,seg1,15.0,Tuesday,0.0,Tuesday
437,2024-02-13,,,0.0,,ad1,seg2,22.0,Tuesday,0.0,Tuesday
438,2024-02-13,,,0.0,,ad1,seg2,1.0,Tuesday,0.0,Tuesday
439,2024-02-13,,,0.0,,ad1,seg2,14.0,Tuesday,0.0,Tuesday
440,2024-02-13,,,0.0,,ad1,seg2,19.0,Tuesday,0.0,Tuesday
441,2024-02-13,,,0.0,,ad1,seg3,15.0,Tuesday,0.0,Tuesday
442,2024-02-13,,,0.0,,ad1,seg3,21.0,Tuesday,0.0,Tuesday
443,2024-02-13,,,0.0,,ad1,seg3,6.0,Tuesday,0.0,Tuesday
444,2024-02-13,,,0.0,,ad1,seg4,20.0,Tuesday,0.0,Tuesday
445,2024-02-13,,,0.0,,ad1,seg4,41.0,Tuesday,0.0,Tuesday
446,2024-02-13,,,0.0,,ad1,seg4,48.0,Tuesday,0.0,Tuesday
447,2024-02-13,,,0.0,,ad1,seg4,11.0,Tuesday,0.0,Tuesday
448,2024-02-13,,,0.0,,ad1,seg4,57.0,Tuesday,0.0,Tuesday
449,2024-02-13,,,0.0,,ad1,seg4,46.0,Tuesday,0.0,Tuesday
450,2024-02-13,,,0.0,,ad2,seg1,46.0,Tuesday,0.0,Tuesday
451,2024-02-13,,,0.0,,ad2,seg1,25.0,Tuesday,0.0,Tuesday
452,2024-02-13,,,0.0,,ad2,seg1,43.0,Tuesday,0.0,Tuesday
453,2024-02-13,,,0.0,,ad2,seg1,35.0,Tuesday,0.0,Tuesday
454,2024-02-13,,,0.0,,ad2,seg1,40.0,Tuesday,0.0,Tuesday
455,2024-02-13,,,0.0,,ad2,seg1,43.0,Tuesday,0.0,Tuesday
456,2024-02-13,,,0.0,,ad2,seg2,18.0,Tuesday,0.0,Tuesday
457,2024-02-13,,,0.0,,ad2,seg2,36.0,Tuesday,0.0,Tuesday
458,2024-02-13,,,0.0,,ad2,seg2,26.0,Tuesday,0.0,Tuesday
459,2024-02-13,,,0.0,,ad2,seg2,36.0,Tuesday,0.0,Tuesday
460,2024-02-13,,,0.0,,ad2,seg2,21.0,Tuesday,0.0,Tuesday
461,2024-02-13,,,0.0,,ad2,seg2,6.0,Tuesday,0.0,Tuesday
462,2024-02-13,,,0.0,,ad2,seg3,34.0,Tuesday,0.0,Tuesday
463,2024-02-13,,,0.0,,ad2,seg3,24.0,Tuesday,0.0,Tuesday
464,2024-02-13,,,0.0,,ad2,seg3,37.0,Tuesday,0.0,Tuesday
465,2024-02-13,,,0.0,,ad2,seg3,36.0,Tuesday,0.0,Tuesday
466,2024-02-13,,,0.0,,ad2,seg4,28.0,Tuesday,0.0,Tuesday
467,2024-02-13,,,0.0,,ad2,seg4,18.0,Tuesday,0.0,Tuesday
468,2024-02-13,,,0.0,,ad3,seg2,24.0,Tuesday,0.0,Tuesday
469,2024-02-13,,,0.0,,ad3,seg2,45.0,Tuesday,0.0,Tuesday
470,2024-02-13,,,0.0,,ad3,seg2,55.0,Tuesday,0.0,Tuesday
471,2024-02-13,,,0.0,,ad3,seg3,30.0,Tuesday,0.0,Tuesday
472,2024-02-13,,,0.0,,ad3,seg3,34.0,Tuesday,0.0,Tuesday
473,2024-02-13,,,0.0,,ad3,seg4,36.0,Tuesday,0.0,Tuesday
474,2024-02-14,,,0.0,,ad1,seg1,8.0,Wednesday,0.0,Wednesday
475,2024-02-14,,,0.0,,ad1,seg1,30.0,Wednesday,0.0,Wednesday
476,2024-02-14,,,0.0,,ad1,seg1,10.0,Wednesday,0.0,Wednesday
477,2024-02-14,,,0.0,,ad1,seg1,22.0,Wednesday,0.0,Wednesday
478,2024-02-14,,,0.0,,ad1,seg2,5.0,Wednesday,0.0,Wednesday
479,2024-02-14,,,0.0,,ad1,seg2,41.0,Wednesday,0.0,Wednesday
480,2024-02-14,,,0.0,,ad1,seg2,21.0,Wednesday,0.0,Wednesday
481,2024-02-14,,,0.0,,ad1,seg2,6.0,Wednesday,0.0,Wednesday
482,2024-02-14,,,0.0,,ad1,seg3,13.0,Wednesday,0.0,Wednesday
483,2024-02-14,,,0.0,,ad1,seg4,13.0,Wednesday,0.0,Wednesday
484,2024-02-14,,,0.0,,ad1,seg4,37.0,Wednesday,0.0,Wednesday
485,2024-02-14,,,0.0,,ad1,seg4,24.0,Wednesday,0.0,Wednesday
486,2024-02-14,,,0.0,,ad1,seg4,11.0,Wednesday,0.0,Wednesday
487,2024-02-14,,,0.0,,ad1,seg4,10.0,Wednesday,0.0,Wednesday
488,2024-02-14,,,0.0,,ad1,seg4,42.0,Wednesday,0.0,Wednesday
489,2024-02-14,,,0.0,,ad1,seg4,8.0,Wednesday,0.0,Wednesday
490,2024-02-14,,,0.0,,ad2,seg1,35.0,Wednesday,0.0,Wednesday
491,2024-02-14,,,0.0,,ad2,seg1,32.0,Wednesday,0.0,Wednesday
492,2024-02-14,,,0.0,,ad2,seg1,24.0,Wednesday,0.0,Wednesday
493,2024-02-14,,,0.0,,ad2,seg1,43.0,Wednesday,0.0,Wednesday
494,2024-02-14,,,0.0,,ad2,seg1,54.0,Wednesday,0.0,Wednesday
495,2024-02-14,,,0.0,,ad2,seg1,30.0,Wednesday,0.0,Wednesday
496,2024-02-14,,,0.0,,ad2,seg2,32.0,Wednesday,0.0,Wednesday
497,2024-02-14,,,0.0,,ad2,seg2,5.0,Wednesday,0.0,Wednesday
498,2024-02-14,,,0.0,,ad2,seg2,18.0,Wednesday,0.0,Wednesday
499,2024-02-14,,,0.0,,ad2,seg2,37.0,Wednesday,0.0,Wednesday
500,2024-02-14,,,0.0,,ad2,seg3,38.0,Wednesday,0.0,Wednesday
501,2024-02-14,,,0.0,,ad2,seg3,33.0,Wednesday,0.0,Wednesday
502,2024-02-14,,,0.0,,ad2,seg3,35.0,Wednesday,0.0,Wednesday
503,2024-02-14,,,0.0,,ad2,seg3,16.0,Wednesday,0.0,Wednesday
504,2024-02-14,,,0.0,,ad2,seg3,39.0,Wednesday,0.0,Wednesday
505,2024-02-14,,,0.0,,ad3,seg1,54.0,Wednesday,0.0,Wednesday
506,2024-02-14,,,0.0,,ad3,seg1,24.0,Wednesday,0.0,Wednesday
507,2024-02-14,,,0.0,,ad3,seg1,40.0,Wednesday,0.0,Wednesday
508,2024-02-14,,,0.0,,ad3,seg2,35.0,Wednesday,0.0,Wednesday
509,2024-02-14,,,0.0,,ad3,seg3,51.0,Wednesday,0.0,Wednesday
510,2024-02-14,,,0.0,,ad3,seg4,22.0,Wednesday,0.0,Wednesday
511,2024-02-15,,,0.0,,ad1,seg1,1.0,Thursday,0.0,Thursday
512,2024-02-15,,,0.0,,ad1,seg1,16.0,Thursday,0.0,Thursday
513,2024-02-15,,,0.0,,ad1,seg1,1.0,Thursday,0.0,Thursday
514,2024-02-15,,,0.0,,ad1,seg2,8.0,Thursday,0.0,Thursday
515,2024-02-15,,,0.0,,ad1,seg2,26.0,Thursday,0.0,Thursday
516,2024-02-15,,,0.0,,ad1,seg2,29.0,Thursday,0.0,Thursday
517,2024-02-15,,,0.0,,ad1,seg3,21.0,Thursday,0.0,Thursday
518,2024-02-15,,,0.0,,ad1,seg3,12.0,Thursday,0.0,Thursday
519,2024-02-15,,,0.0,,ad1,seg4,53.0,Thursday,0.0,Thursday
520,2024-02-15,,,0.0,,ad1,seg4,33.0,Thursday,0.0,Thursday
521,2024-02-15,,,0.0,,ad1,seg4,27.0,Thursday,0.0,Thursday
522,2024-02-15,,,0.0,,ad1,seg4,10.0,Thursday,0.0,Thursday
523,2024-02-15,,,0.0,,ad1,seg4,25.0,Thursday,0.0,Thursday
524,2024-02-15,,,0.0,,ad2,seg1,57.0,Thursday,0.0,Thursday
525,2024-02-15,,,0.0,,ad2,seg1,6.0,Thursday,0.0,Thursday
526,2024-02-15,,,0.0,,ad2,seg1,32.0,Thursday,0.0,Thursday
527,2024-02-15,,,0.0,,ad2,seg1,24.0,Thursday,0.0,Thursday
528,2024-02-15,,,0.0,,ad2,seg2,40.0,Thursday,0.0,Thursday
529,2024-02-15,,,0.0,,ad2,seg2,35.0,Thursday,0.0,Thursday
530,2024-02-15,,,0.0,,ad2,seg3,28.0,Thursday,0.0,Thursday
531,2024-02-15,,,0.0,,ad2,seg3,28.0,Thursday,0.0,Thursday
532,2024-02-15,,,0.0,,ad2,seg4,14.0,Thursday,0.0,Thursday
533,2024-02-15,,,0.0,,ad2,seg4,21.0,Thursday,0.0,Thursday
534,2024-02-15,,,0.0,,ad2,seg4,13.0,Thursday,0.0,Thursday
535,2024-02-15,,,0.0,,ad2,seg4,27.0,Thursday,0.0,Thursday
536,2024-02-15,,,0.0,,ad3,seg1,38.0,Thursday,0.0,Thursday
537,2024-02-15,,,0.0,,ad3,seg1,26.0,Thursday,0.0,Thursday
538,2024-02-15,,,0.0,,ad3,seg2,49.0,Thursday,0.0,Thursday
539,2024-02-15,,,0.0,,ad3,seg3,52.0,Thursday,0.0,Thursday
540,2024-02-15,,,0.0,,ad3,seg3,29.0,Thursday,0.0,Thursday
541,2024-02-15,,,0.0,,ad3,seg3,37.0,Thursday,0.0,Thursday
542,2024-02-15,,,0.0,,ad3,seg4,12.0,Thursday,0.0,Thursday
543,2024-02-16,,,0.0,,ad1,seg1,47.0,Friday,0.0,Friday
544,2024-02-16,,,0.0,,ad1,seg1,2.0,Friday,0.0,Friday
545,2024-02-16,,,0.0,,ad1,seg2,6.0,Friday,0.0,Friday
546,2024-02-16,,,0.0,,ad1,seg2,7.0,Friday,0.0,Friday
547,2024-02-16,,,0.0,,ad1,seg2,31.0,Friday,0.0,Friday
548,2024-02-16,,,0.0,,ad1,seg2,5.0,Friday,0.0,Friday
549,2024-02-16,,,0.0,,ad1,seg2,10.0,Friday,0.0,Friday
550,2024-02-16,,,0.0,,ad1,seg2,39.0,Friday,0.0,Friday
551,2024-02-16,,,0.0,,ad1,seg2,26.0,Friday,0.0,Friday
552,2024-02-16,,,0.0,,ad1,seg3,10.0,Friday,0.0,Friday
553,2024-02-16,,,0.0,,ad1,seg4,22.0,Friday,0.0,Friday
554,2024-02-16,,,0.0,,ad1,seg4,2.0,Friday,0.0,Friday
555,2024-02-16,,,0.0,,ad2,seg1,22.0,Friday,0.0,Friday
556,2024-02-16,,,0.0,,ad2,seg1,29.0,Friday,0.0,Friday
557,2024-02-16,,,0.0,,ad2,seg1,44.0,Friday,0.0,Friday
558,2024-02-16,,,0.0,,ad2,seg1,43.0,Friday,0.0,Friday
559,2024-02-16,,,0.0,,ad2,seg1,10.0,Friday,0.0,Friday
560,2024-02-16,,,0.0,,ad2,seg2,46.0,Friday,0.0,Friday
561,2024-02-16,,,0.0,,ad2,seg2,55.0,Friday,0.0,Friday
562,2024-02-16,,,0.0,,ad2,seg2,54.0,Friday,0.0,Friday
563,2024-02-16,,,0.0,,ad2,seg2,23.0,Friday,0.0,Friday
564,2024-02-16,,,0.0,,ad2,seg3,35.0,Friday,0.0,Friday
565,2024-02-16,,,0.0,,ad2,seg3,26.0,Friday,0.0,Friday
566,2024-02-16,,,0.0,,ad2,seg3,30.0,Friday,0.0,Friday
567,2024-02-16,,,0.0,,ad2,seg3,25.0,Friday,0.0,Friday
568,2024-02-16,,,0.0,,ad2,seg3,16.0,Friday,0.0,Friday
569,2024-02-16,,,0.0,,ad2,seg3,42.0,Friday,0.0,Friday
570,2024-02-16,,,0.0,,ad2,seg3,29.0,Friday,0.0,Friday
571,2024-02-16,,,0.0,,ad2,seg3,29.0,Friday,0.0,Friday
572,2024-02-16,,,0.0,,ad3,seg1,49.0,Friday,0.0,Friday
573,2024-02-16,,,0.0,,ad3,seg1,11.0,Friday,0.0,Friday
574,2024-02-16,,,0.0,,ad3,seg2,53.0,Friday,0.0,Friday
575,2024-02-16,,,0.0,,ad3,seg2,38.0,Friday,0.0,Friday
576,2024-02-16,,,0.0,,ad3,seg3,10.0,Friday,0.0,Friday
577,2024-02-17,,,0.0,,ad1,seg1,3.0,Saturday,0.0,Saturday
578,2024-02-17,,,0.0,,ad1,seg1,32.0,Saturday,0.0,Saturday
579,2024-02-17,,,0.0,,ad1,seg1,10.0,Saturday,0.0,Saturday
580,2024-02-17,,,0.0,,ad1,seg1,14.0,Saturday,0.0,Saturday
581,2024-02-17,,,0.0,,ad1,seg1,31.0,Saturday,0.0,Saturday
582,2024-02-17,,,0.0,,ad1,seg1,42.0,Saturday,0.0,Saturday
583,2024-02-17,,,0.0,,ad1,seg1,21.0,Saturday,0.0,Saturday
584,2024-02-17,,,0.0,,ad1,seg1,7.0,Saturday,0.0,Saturday
585,2024-02-17,,,0.0,,ad1,seg1,18.0,Saturday,0.0,Saturday
586,2024-02-17,,,0.0,,ad1,seg2,5.0,Saturday,0.0,Saturday
587,2024-02-17,,,0.0,,ad1,seg2,34.0,Saturday,0.0,Saturday
588,2024-02-17,,,0.0,,ad1,seg2,2.0,Saturday,0.0,Saturday
589,2024-02-17,,,0.0,,ad1,seg2,35.0,Saturday,0.0,Saturday
590,2024-02-17,,,0.0,,ad1,seg2,24.0,Saturday,0.0,Saturday
591,2024-02-17,,,0.0,,ad1,seg2,22.0,Saturday,0.0,Saturday
592,2024-02-17,,,0.0,,ad1,seg2,16.0,Saturday,0.0,Saturday
593,2024-02-17,,,0.0,,ad1,seg3,15.0,Saturday,0.0,Saturday
594,2024-02-17,,,0.0,,ad1,seg3,27.0,Saturday,0.0,Saturday
595,2024-02-17,,,0.0,,ad1,seg3,35.0,Saturday,0.0,Saturday
596,2024-02-17,,,0.0,,ad1,seg3,23.0,Saturday,0.0,Saturday
597,2024-02-17,,,0.0,,ad1,seg4,6.0,Saturday,0.0,Saturday
598,2024-02-17,,,0.0,,ad1,seg4,7.0,Saturday,0.0,Saturday
599,2024-02-17,,,0.0,,ad1,seg4,23.0,Saturday,0.0,Saturday
600,2024-02-17,,,0.0,,ad1,seg4,37.0,Saturday,0.0,Saturday
601,2024-02-17,,,0.0,,ad1,seg4,43.0,Saturday,0.0,Saturday
602,2024-02-17,,,0.0,,ad2,seg1,23.0,Saturday,0.0,Saturday
603,2024-02-17,,,0.0,,ad2,seg1,12.0,Saturday,0.0,Saturday
604,2024-02-17,,,0.0,,ad2,seg1,32.0,Saturday,0.0,Saturday
605,2024-02-17,,,0.0,,ad2,seg1,31.0,Saturday,0.0,Saturday
606,2024-02-17,,,0.0,,ad2,seg2,20.0,Saturday,0.0,Saturday
607,2024-02-17,,,0.0,,ad2,seg2,26.0,Saturday,0.0,Saturday
608,2024-02-17,,,0.0,,ad2,seg2,5.0,Saturday,0.0,Saturday
609,2024-02-17,,,0.0,,ad2,seg2,19.0,Saturday,0.0,Saturday
610,2024-02-17,,,0.0,,ad2,seg3,25.0,Saturday,0.0,Saturday
611,2024-02-17,,,0.0,,ad2,seg3,28.0,Saturday,0.0,Saturday
612,2024-02-17,,,0.0,,ad2,seg3,43.0,Saturday,0.0,Saturday
613,2024-02-17,,,0.0,,ad2,seg3,47.0,Saturday,0.0,Saturday
614,2024-02-17,,,0.0,,ad2,seg4,9.0,Saturday,0.0,Saturday
615,2024-02-17,,,0.0,,ad3,seg1,7.0,Saturday,0.0,Saturday
616,2024-02-17,,,0.0,,ad3,seg1,23.0,Saturday,0.0,Saturday
617,2024-02-17,,,0.0,,ad3,seg1,17.0,Saturday,0.0,Saturday
618,2024-02-17,,,0.0,,ad3,seg2,5.0,Saturday,0.0,Saturday
619,2024-02-17,,,0.0,,ad3,seg3,15.0,Saturday,0.0,Saturday
620,2024-02-18,,,0.0,,ad1,seg1,1.0,Sunday,0.0,Sunday
621,2024-02-18,,,0.0,,ad1,seg1,13.0,Sunday,0.0,Sunday
622,2024-02-18,,,0.0,,ad1,seg1,26.0,Sunday,0.0,Sunday
623,2024-02-18,,,0.0,,ad1,seg1,28.0,Sunday,0.0,Sunday
624,2024-02-18,,,0.0,,ad1,seg1,15.0,Sunday,0.0,Sunday
625,2024-02-18,,,0.0,,ad1,seg1,47.0,Sunday,0.0,Sunday
626,2024-02-18,,,0.0,,ad1,seg2,38.0,Sunday,0.0,Sunday
627,2024-02-18,,,0.0,,ad1,seg2,11.0,Sunday,0.0,Sunday
628,2024-02-18,,,0.0,,ad1,seg2,1.0,Sunday,0.0,Sunday
629,2024-02-18,,,0.0,,ad1,seg2,27.0,Sunday,0.0,Sunday
630,2024-02-18,,,0.0,,ad1,seg2,42.0,Sunday,0.0,Sunday
631,2024-02-18,,,0.0,,ad1,seg3,41.0,Sunday,0.0,Sunday
632,2024-02-18,,,0.0,,ad1,seg4,32.0,Sunday,0.0,Sunday
633,2024-02-18,,,0.0,,ad1,seg4,37.0,Sunday,0.0,Sunday
634,2024-02-18,,,0.0,,ad1,seg4,5.0,Sunday,0.0,Sunday
635,2024-02-18,,,0.0,,ad1,seg4,34.0,Sunday,0.0,Sunday
636,2024-02-18,,,0.0,,ad1,seg4,28.0,Sunday,0.0,Sunday
637,2024-02-18,,,0.0,,ad1,seg4,4.0,Sunday,0.0,Sunday
638,2024-02-18,,,0.0,,ad2,seg1,37.0,Sunday,0.0,Sunday
639,2024-02-18,,,0.0,,ad2,seg1,26.0,Sunday,0.0,Sunday
640,2024-02-18,,,0.0,,ad2,seg1,31.0,Sunday,0.0,Sunday
641,2024-02-18,,,0.0,,ad2,seg2,9.0,Sunday,0.0,Sunday
642,2024-02-18,,,0.0,,ad2,seg2,29.0,Sunday,0.0,Sunday
643,2024-02-18,,,0.0,,ad2,seg2,53.0,Sunday,0.0,Sunday
644,2024-02-18,,,0.0,,ad2,seg2,26.0,Sunday,0.0,Sunday
645,2024-02-18,,,0.0,,ad2,seg2,40.0,Sunday,0.0,Sunday
646,2024-02-18,,,0.0,,ad2,seg2,39.0,Sunday,0.0,Sunday
647,2024-02-18,,,0.0,,ad2,seg3,32.0,Sunday,0.0,Sunday
648,2024-02-18,,,0.0,,ad2,seg3,50.0,Sunday,0.0,Sunday
649,2024-02-18,,,0.0,,ad2,seg3,52.0,Sunday,0.0,Sunday
650,2024-02-18,,,0.0,,ad2,seg4,28.0,Sunday,0.0,Sunday
651,2024-02-18,,,0.0,,ad2,seg4,20.0,Sunday,0.0,Sunday
652,2024-02-18,,,0.0,,ad3,seg1,57.0,Sunday,0.0,Sunday
653,2024-02-18,,,0.0,,ad3,seg2,31.0,Sunday,0.0,Sunday
654,2024-02-18,,,0.0,,ad3,seg2,34.0,Sunday,0.0,Sunday
655,2024-02-18,,,0.0,,ad3,seg2,20.0,Sunday,0.0,Sunday
656,2024-02-18,,,0.0,,ad3,seg2,10.0,Sunday,0.0,Sunday
657,2024-02-18,,,0.0,,ad3,seg3,17.0,Sunday,0.0,Sunday
658,2024-02-18,,,0.0,,ad3,seg3,28.0,Sunday,0.0,Sunday
659,2024-02-18,,,0.0,,ad3,seg4,51.0,Sunday,0.0,Sunday
660,2024-02-18,,,0.0,,ad3,seg4,4.0,Sunday,0.0,Sunday
661,2024-02-19,,,0.0,,ad1,seg1,8.0,Monday,0.0,Monday
662,2024-02-19,,,0.0,,ad1,seg1,40.0,Monday,0.0,Monday
663,2024-02-19,,,0.0,,ad1,seg1,20.0,Monday,0.0,Monday
664,2024-02-19,,,0.0,,ad1,seg1,48.0,Monday,0.0,Monday
665,2024-02-19,,,0.0,,ad1,seg2,14.0,Monday,0.0,Monday
666,2024-02-19,,,0.0,,ad1,seg2,8.0,Monday,0.0,Monday
667,2024-02-19,,,0.0,,ad1,seg2,9.0,Monday,0.0,Monday
668,2024-02-19,,,0.0,,ad1,seg2,13.0,Monday,0.0,Monday
669,2024-02-19,,,0.0,,ad1,seg2,17.0,Monday,0.0,Monday
670,2024-02-19,,,0.0,,ad1,seg2,11.0,Monday,0.0,Monday
671,2024-02-19,,,0.0,,ad1,seg2,8.0,Monday,0.0,Monday
672,2024-02-19,,,0.0,,ad1,seg2,1.0,Monday,0.0,Monday
673,2024-02-19,,,0.0,,ad1,seg3,6.0,Monday,0.0,Monday
674,2024-02-19,,,0.0,,ad1,seg4,8.0,Monday,0.0,Monday
675,2024-02-19,,,0.0,,ad1,seg4,14.0,Monday,0.0,Monday
676,2024-02-19,,,0.0,,ad1,seg4,44.0,Monday,0.0,Monday
677,2024-02-19,,,0.0,,ad1,seg4,5.0,Monday,0.0,Monday
678,2024-02-19,,,0.0,,ad1,seg4,16.0,Monday,0.0,Monday
679,2024-02-19,,,0.0,,ad1,seg4,25.0,Monday,0.0,Monday
680,2024-02-19,,,0.0,,ad2,seg1,53.0,Monday,0.0,Monday
681,2024-02-19,,,0.0,,ad2,seg1,48.0,Monday,0.0,Monday
682,2024-02-19,,,0.0,,ad2,seg1,32.0,Monday,0.0,Monday
683,2024-02-19,,,0.0,,ad2,seg1,20.0,Monday,0.0,Monday
684,2024-02-19,,,0.0,,ad2,seg1,35.0,Monday,0.0,Monday
685,2024-02-19,,,0.0,,ad2,seg1,35.0,Monday,0.0,Monday
686,2024-02-19,,,0.0,,ad2,seg2,7.0,Monday,0.0,Monday
687,2024-02-19,,,0.0,,ad2,seg2,23.0,Monday,0.0,Monday
688,2024-02-19,,,0.0,,ad2,seg2,39.0,Monday,0.0,Monday
689,2024-02-19,,,0.0,,ad2,seg3,41.0,Monday,0.0,Monday
690,2024-02-19,,,0.0,,ad2,seg3,31.0,Monday,0.0,Monday
691,2024-02-19,,,0.0,,ad2,seg4,49.0,Monday,0.0,Monday
692,2024-02-19,,,0.0,,ad2,seg4,15.0,Monday,0.0,Monday
693,2024-02-19,,,0.0,,ad2,seg4,12.0,Monday,0.0,Monday
694,2024-02-19,,,0.0,,ad3,seg1,25.0,Monday,0.0,Monday
695,2024-02-19,,,0.0,,ad3,seg1,30.0,Monday,0.0,Monday
696,2024-02-19,,,0.0,,ad3,seg1,1.0,Monday,0.0,Monday
697,2024-02-19,,,0.0,,ad3,seg2,37.0,Monday,0.0,Monday
698,2024-02-19,,,0.0,,ad3,seg2,7.0,Monday,0.0,Monday
699,2024-02-19,,,0.0,,ad3,seg2,2.0,Monday,0.0,Monday
700,2024-02-19,,,0.0,,ad3,seg2,2.0,Monday,0.0,Monday
701,2024-02-19,,,0.0,,ad3,seg2,33.0,Monday,0.0,Monday
702,2024-02-19,,,0.0,,ad3,seg3,50.0,Monday,0.0,Monday
703,2024-02-19,,,0.0,,ad3,seg3,35.0,Monday,0.0,Monday
704,2024-02-19,,,0.0,,ad3,seg4,48.0,Monday,0.0,Monday
705,2024-02-19,,,0.0,,ad3,seg4,23.0,Monday,0.0,Monday
706,2024-02-20,,,0.0,,ad1,seg1,4.0,Tuesday,0.0,Tuesday
707,2024-02-20,,,0.0,,ad1,seg1,4.0,Tuesday,0.0,Tuesday
708,2024-02-20,,,0.0,,ad1,seg1,33.0,Tuesday,0.0,Tuesday
709,2024-02-20,,,0.0,,ad1,seg2,32.0,Tuesday,0.0,Tuesday
710,2024-02-20,,,0.0,,ad1,seg2,22.0,Tuesday,0.0,Tuesday
711,2024-02-20,,,0.0,,ad1,seg2,1.0,Tuesday,0.0,Tuesday
712,2024-02-20,,,0.0,,ad1,seg3,33.0,Tuesday,0.0,Tuesday
713,2024-02-20,,,0.0,,ad1,seg3,11.0,Tuesday,0.0,Tuesday
714,2024-02-20,,,0.0,,ad1,seg3,14.0,Tuesday,0.0,Tuesday
715,2024-02-20,,,0.0,,ad1,seg4,9.0,Tuesday,0.0,Tuesday
716,2024-02-20,,,0.0,,ad1,seg4,14.0,Tuesday,0.0,Tuesday
717,2024-02-20,,,0.0,,ad1,seg4,9.0,Tuesday,0.0,Tuesday
718,2024-02-20,,,0.0,,ad2,seg1,30.0,Tuesday,0.0,Tuesday
719,2024-02-20,,,0.0,,ad2,seg2,21.0,Tuesday,0.0,Tuesday
720,2024-02-20,,,0.0,,ad2,seg2,17.0,Tuesday,0.0,Tuesday
721,2024-02-20,,,0.0,,ad2,seg2,17.0,Tuesday,0.0,Tuesday
722,2024-02-20,,,0.0,,ad2,seg2,11.0,Tuesday,0.0,Tuesday
723,2024-02-20,,,0.0,,ad2,seg2,12.0,Tuesday,0.0,Tuesday
724,2024-02-20,,,0.0,,ad2,seg3,32.0,Tuesday,0.0,Tuesday
725,2024-02-20,,,0.0,,ad2,seg3,11.0,Tuesday,0.0,Tuesday
726,2024-02-20,,,0.0,,ad2,seg3,37.0,Tuesday,0.0,Tuesday
727,2024-02-20,,,0.0,,ad2,seg3,40.0,Tuesday,0.0,Tuesday
728,2024-02-20,,,0.0,,ad3,seg1,8.0,Tuesday,0.0,Tuesday
729,2024-02-20,,,0.0,,ad3,seg1,58.0,Tuesday,0.0,Tuesday
730,2024-02-20,,,0.0,,ad3,seg2,49.0,Tuesday,0.0,Tuesday
731,2024-02-20,,,0.0,,ad3,seg2,9.0,Tuesday,0.0,Tuesday
732,2024-02-20,,,0.0,,ad3,seg2,24.0,Tuesday,0.0,Tuesday
733,2024-02-20,,,0.0,,ad3,seg2,13.0,Tuesday,0.0,Tuesday
734,2024-02-20,,,0.0,,ad3,seg2,34.0,Tuesday,0.0,Tuesday
735,2024-02-20,,,0.0,,ad3,seg2,23.0,Tuesday,0.0,Tuesday
736,2024-02-20,,,0.0,,ad3,seg2,23.0,Tuesday,0.0,Tuesday
737,2024-02-20,,,0.0,,ad3,seg3,27.0,Tuesday,0.0,Tuesday
738,2024-02-21,,,0.0,,ad1,seg1,21.0,Wednesday,0.0,Wednesday
739,2024-02-21,,,0.0,,ad1,seg1,11.0,Wednesday,0.0,Wednesday
740,2024-02-21,,,0.0,,ad1,seg1,3.0,Wednesday,0.0,Wednesday
741,2024-02-21,,,0.0,,ad1,seg1,18.0,Wednesday,0.0,Wednesday
742,2024-02-21,,,0.0,,ad1,seg2,12.0,Wednesday,0.0,Wednesday
743,2024-02-21,,,0.0,,ad1,seg2,20.0,Wednesday,0.0,Wednesday
744,2024-02-21,,,0.0,,ad1,seg2,39.0,Wednesday,0.0,Wednesday
745,2024-02-21,,,0.0,,ad1,seg2,14.0,Wednesday,0.0,Wednesday
746,2024-02-21,,,0.0,,ad1,seg2,48.0,Wednesday,0.0,Wednesday
747,2024-02-21,,,0.0,,ad1,seg3,39.0,Wednesday,0.0,Wednesday
748,2024-02-21,,,0.0,,ad1,seg3,12.0,Wednesday,0.0,Wednesday
749,2024-02-21,,,0.0,,ad1,seg4,28.0,Wednesday,0.0,Wednesday
750,2024-02-21,,,0.0,,ad1,seg4,12.0,Wednesday,0.0,Wednesday
751,2024-02-21,,,0.0,,ad1,seg4,32.0,Wednesday,0.0,Wednesday
752,2024-02-21,,,0.0,,ad1,seg4,19.0,Wednesday,0.0,Wednesday
753,2024-02-21,,,0.0,,ad1,seg4,28.0,Wednesday,0.0,Wednesday
754,2024-02-21,,,0.0,,ad2,seg1,55.0,Wednesday,0.0,Wednesday
755,2024-02-21,,,0.0,,ad2,seg1,24.0,Wednesday,0.0,Wednesday
756,2024-02-21,,,0.0,,ad2,seg1,29.0,Wednesday,0.0,Wednesday
757,2024-02-21,,,0.0,,ad2,seg1,36.0,Wednesday,0.0,Wednesday
758,2024-02-21,,,0.0,,ad2,seg2,32.0,Wednesday,0.0,Wednesday
759,2024-02-21,,,0.0,,ad2,seg2,53.0,Wednesday,0.0,Wednesday
760,2024-02-21,,,0.0,,ad2,seg2,39.0,Wednesday,0.0,Wednesday
761,2024-02-21,,,0.0,,ad2,seg2,14.0,Wednesday,0.0,Wednesday
762,2024-02-21,,,0.0,,ad2,seg2,29.0,Wednesday,0.0,Wednesday
763,2024-02-21,,,0.0,,ad2,seg2,25.0,Wednesday,0.0,Wednesday
764,2024-02-21,,,0.0,,ad2,seg3,22.0,Wednesday,0.0,Wednesday
765,2024-02-21,,,0.0,,ad2,seg3,44.0,Wednesday,0.0,Wednesday
766,2024-02-21,,,0.0,,ad2,seg3,37.0,Wednesday,0.0,Wednesday
767,2024-02-21,,,0.0,,ad2,seg3,11.0,Wednesday,0.0,Wednesday
768,2024-02-21,,,0.0,,ad2,seg4,31.0,Wednesday,0.0,Wednesday
769,2024-02-21,,,0.0,,ad2,seg4,38.0,Wednesday,0.0,Wednesday
770,2024-02-21,,,0.0,,ad3,seg1,39.0,Wednesday,0.0,Wednesday
771,2024-02-21,,,0.0,,ad3,seg1,3.0,Wednesday,0.0,Wednesday
772,2024-02-21,,,0.0,,ad3,seg2,34.0,Wednesday,0.0,Wednesday
773,2024-02-21,,,0.0,,ad3,seg2,12.0,Wednesday,0.0,Wednesday
774,2024-02-21,,,0.0,,ad3,seg2,26.0,Wednesday,0.0,Wednesday
775,2024-02-21,,,0.0,,ad3,seg3,18.0,Wednesday,0.0,Wednesday
776,2024-02-21,,,0.0,,ad3,seg4,17.0,Wednesday,0.0,Wednesday
777,2024-02-22,,,0.0,,ad1,seg1,27.0,Thursday,0.0,Thursday
778,2024-02-22,,,0.0,,ad1,seg1,2.0,Thursday,0.0,Thursday
779,2024-02-22,,,0.0,,ad1,seg1,42.0,Thursday,0.0,Thursday
780,2024-02-22,,,0.0,,ad1,seg1,21.0,Thursday,0.0,Thursday
781,2024-02-22,,,0.0,,ad1,seg2,12.0,Thursday,0.0,Thursday
782,2024-02-22,,,0.0,,ad1,seg2,7.0,Thursday,0.0,Thursday
783,2024-02-22,,,0.0,,ad1,seg2,19.0,Thursday,0.0,Thursday
784,2024-02-22,,,0.0,,ad1,seg2,18.0,Thursday,0.0,Thursday
785,2024-02-22,,,0.0,,ad1,seg4,33.0,Thursday,0.0,Thursday
786,2024-02-22,,,0.0,,ad1,seg4,29.0,Thursday,0.0,Thursday
787,2024-02-22,,,0.0,,ad1,seg4,14.0,Thursday,0.0,Thursday
788,2024-02-22,,,0.0,,ad1,seg4,29.0,Thursday,0.0,Thursday
789,2024-02-22,,,0.0,,ad2,seg1,37.0,Thursday,0.0,Thursday
790,2024-02-22,,,0.0,,ad2,seg1,39.0,Thursday,0.0,Thursday
791,2024-02-22,,,0.0,,ad2,seg1,26.0,Thursday,0.0,Thursday
792,2024-02-22,,,0.0,,ad2,seg1,46.0,Thursday,0.0,Thursday
793,2024-02-22,,,0.0,,ad2,seg2,21.0,Thursday,0.0,Thursday
794,2024-02-22,,,0.0,,ad2,seg2,45.0,Thursday,0.0,Thursday
795,2024-02-22,,,0.0,,ad2,seg2,13.0,Thursday,0.0,Thursday
796,2024-02-22,,,0.0,,ad2,seg2,42.0,Thursday,0.0,Thursday
797,2024-02-22,,,0.0,,ad2,seg3,12.0,Thursday,0.0,Thursday
798,2024-02-22,,,0.0,,ad2,seg4,29.0,Thursday,0.0,Thursday
799,2024-02-22,,,0.0,,ad3,seg1,3.0,Thursday,0.0,Thursday
800,2024-02-22,,,0.0,,ad3,seg2,33.0,Thursday,0.0,Thursday
801,2024-02-22,,,0.0,,ad3,seg2,47.0,Thursday,0.0,Thursday
802,2024-02-22,,,0.0,,ad3,seg2,45.0,Thursday,0.0,Thursday
803,2024-02-22,,,0.0,,ad3,seg3,32.0,Thursday,0.0,Thursday
804,2024-02-23,,,0.0,,ad1,seg1,6.0,Friday,0.0,Friday
805,2024-02-23,,,0.0,,ad1,seg1,15.0,Friday,0.0,Friday
806,2024-02-23,,,0.0,,ad1,seg1,10.0,Friday,0.0,Friday
807,2024-02-23,,,0.0,,ad1,seg1,14.0,Friday,0.0,Friday
808,2024-02-23,,,0.0,,ad1,seg1,42.0,Friday,0.0,Friday
809,2024-02-23,,,0.0,,ad1,seg1,26.0,Friday,0.0,Friday
810,2024-02-23,,,0.0,,ad1,seg1,10.0,Friday,0.0,Friday
811,2024-02-23,,,0.0,,ad1,seg1,52.0,Friday,0.0,Friday
812,2024-02-23,,,0.0,,ad1,seg2,33.0,Friday,0.0,Friday
813,2024-02-23,,,0.0,,ad1,seg2,17.0,Friday,0.0,Friday
814,2024-02-23,,,0.0,,ad1,seg2,30.0,Friday,0.0,Friday
815,2024-02-23,,,0.0,,ad1,seg2,24.0,Friday,0.0,Friday
816,2024-02-23,,,0.0,,ad1,seg3,11.0,Friday,0.0,Friday
817,2024-02-23,,,0.0,,ad1,seg3,8.0,Friday,0.0,Friday
818,2024-02-23,,,0.0,,ad1,seg4,33.0,Friday,0.0,Friday
819,2024-02-23,,,0.0,,ad1,seg4,14.0,Friday,0.0,Friday
820,2024-02-23,,,0.0,,ad2,seg1,51.0,Friday,0.0,Friday
821,2024-02-23,,,0.0,,ad2,seg1,31.0,Friday,0.0,Friday
822,2024-02-23,,,0.0,,ad2,seg1,40.0,Friday,0.0,Friday
823,2024-02-23,,,0.0,,ad2,seg2,19.0,Friday,0.0,Friday
824,2024-02-23,,,0.0,,ad2,seg2,37.0,Friday,0.0,Friday
825,2024-02-23,,,0.0,,ad2,seg2,38.0,Friday,0.0,Friday
826,2024-02-23,,,0.0,,ad2,seg2,34.0,Friday,0.0,Friday
827,2024-02-23,,,0.0,,ad2,seg2,16.0,Friday,0.0,Friday
828,2024-02-23,,,0.0,,ad2,seg2,31.0,Friday,0.0,Friday
829,2024-02-23,,,0.0,,ad2,seg2,40.0,Friday,0.0,Friday
830,2024-02-23,,,0.0,,ad2,seg3,29.0,Friday,0.0,Friday
831,2024-02-23,,,0.0,,ad2,seg3,21.0,Friday,0.0,Friday
832,2024-02-23,,,0.0,,ad2,seg3,23.0,Friday,0.0,Friday
833,2024-02-23,,,0.0,,ad2,seg3,21.0,Friday,0.0,Friday
834,2024-02-23,,,0.0,,ad2,seg3,18.0,Friday,0.0,Friday
835,2024-02-23,,,0.0,,ad2,seg3,42.0,Friday,0.0,Friday
836,2024-02-23,,,0.0,,ad2,seg4,24.0,Friday,0.0,Friday
837,2024-02-23,,,0.0,,ad2,seg4,26.0,Friday,0.0,Friday
838,2024-02-23,,,0.0,,ad2,seg4,5.0,Friday,0.0,Friday
839,2024-02-23,,,0.0,,ad3,seg1,11.0,Friday,0.0,Friday
840,2024-02-23,,,0.0,,ad3,seg2,3.0,Friday,0.0,Friday
841,2024-02-23,,,0.0,,ad3,seg2,25.0,Friday,0.0,Friday
842,2024-02-23,,,0.0,,ad3,seg2,9.0,Friday,0.0,Friday
843,2024-02-23,,,0.0,,ad3,seg2,12.0,Friday,0.0,Friday
844,2024-02-23,,,0.0,,ad3,seg2,5.0,Friday,0.0,Friday
845,2024-02-23,,,0.0,,ad3,seg2,34.0,Friday,0.0,Friday
846,2024-02-23,,,0.0,,ad3,seg4,3.0,Friday,0.0,Friday
847,2024-02-24,,,0.0,,ad1,seg1,23.0,Saturday,0.0,Saturday
848,2024-02-24,,,0.0,,ad1,seg1,30.0,Saturday,0.0,Saturday
849,2024-02-24,,,0.0,,ad1,seg1,48.0,Saturday,0.0,Saturday
850,2024-02-24,,,0.0,,ad1,seg1,37.0,Saturday,0.0,Saturday
851,2024-02-24,,,0.0,,ad1,seg1,11.0,Saturday,0.0,Saturday
852,2024-02-24,,,0.0,,ad1,seg1,25.0,Saturday,0.0,Saturday
853,2024-02-24,,,0.0,,ad1,seg1,32.0,Saturday,0.0,Saturday
854,2024-02-24,,,0.0,,ad1,seg1,39.0,Saturday,0.0,Saturday
855,2024-02-24,,,0.0,,ad1,seg1,11.0,Saturday,0.0,Saturday
856,2024-02-24,,,0.0,,ad1,seg1,12.0,Saturday,0.0,Saturday
857,2024-02-24,,,0.0,,ad1,seg1,1.0,Saturday,0.0,Saturday
858,2024-02-24,,,0.0,,ad1,seg2,21.0,Saturday,0.0,Saturday
859,2024-02-24,,,0.0,,ad1,seg2,5.0,Saturday,0.0,Saturday
860,2024-02-24,,,0.0,,ad1,seg2,17.0,Saturday,0.0,Saturday
861,2024-02-24,,,0.0,,ad1,seg2,3.0,Saturday,0.0,Saturday
862,2024-02-24,,,0.0,,ad1,seg2,56.0,Saturday,0.0,Saturday
863,2024-02-24,,,0.0,,ad1,seg3,31.0,Saturday,0.0,Saturday
864,2024-02-24,,,0.0,,ad1,seg3,11.0,Saturday,0.0,Saturday
865,2024-02-24,,,0.0,,ad1,seg4,18.0,Saturday,0.0,Saturday
866,2024-02-24,,,0.0,,ad1,seg4,1.0,Saturday,0.0,Saturday
867,2024-02-24,,,0.0,,ad1,seg4,15.0,Saturday,0.0,Saturday
868,2024-02-24,,,0.0,,ad1,seg4,12.0,Saturday,0.0,Saturday
869,2024-02-24,,,0.0,,ad2,seg1,34.0,Saturday,0.0,Saturday
870,2024-02-24,,,0.0,,ad2,seg1,32.0,Saturday,0.0,Saturday
871,2024-02-24,,,0.0,,ad2,seg1,54.0,Saturday,0.0,Saturday
872,2024-02-24,,,0.0,,ad2,seg1,47.0,Saturday,0.0,Saturday
873,2024-02-24,,,0.0,,ad2,seg1,37.0,Saturday,0.0,Saturday
874,2024-02-24,,,0.0,,ad2,seg1,21.0,Saturday,0.0,Saturday
875,2024-02-24,,,0.0,,ad2,seg1,47.0,Saturday,0.0,Saturday
876,2024-02-24,,,0.0,,ad2,seg1,10.0,Saturday,0.0,Saturday
877,2024-02-24,,,0.0,,ad2,seg2,30.0,Saturday,0.0,Saturday
878,2024-02-24,,,0.0,,ad2,seg2,27.0,Saturday,0.0,Saturday
879,2024-02-24,,,0.0,,ad2,seg2,42.0,Saturday,0.0,Saturday
880,2024-02-24,,,0.0,,ad2,seg2,40.0,Saturday,0.0,Saturday
881,2024-02-24,,,0.0,,ad2,seg2,46.0,Saturday,0.0,Saturday
882,2024-02-24,,,0.0,,ad2,seg3,31.0,Saturday,0.0,Saturday
883,2024-02-24,,,0.0,,ad2,seg3,31.0,Saturday,0.0,Saturday
884,2024-02-24,,,0.0,,ad2,seg3,36.0,Saturday,0.0,Saturday
885,2024-02-24,,,0.0,,ad2,seg3,6.0,Saturday,0.0,Saturday
886,2024-02-24,,,0.0,,ad2,seg3,22.0,Saturday,0.0,Saturday
887,2024-02-24,,,0.0,,ad2,seg4,13.0,Saturday,0.0,Saturday
888,2024-02-24,,,0.0,,ad3,seg1,29.0,Saturday,0.0,Saturday
889,2024-02-24,,,0.0,,ad3,seg2,12.0,Saturday,0.0,Saturday
890,2024-02-24,,,0.0,,ad3,seg2,34.0,Saturday,0.0,Saturday
891,2024-02-24,,,0.0,,ad3,seg3,53.0,Saturday,0.0,Saturday
892,2024-02-24,,,0.0,,ad3,seg4,9.0,Saturday,0.0,Saturday
893,2024-02-24,,,0.0,,ad3,seg4,7.0,Saturday,0.0,Saturday
894,2024-02-25,,,0.0,,ad1,seg1,14.0,Sunday,0.0,Sunday
895,2024-02-25,,,0.0,,ad1,seg1,8.0,Sunday,0.0,Sunday
896,2024-02-25,,,0.0,,ad1,seg1,9.0,Sunday,0.0,Sunday
897,2024-02-25,,,0.0,,ad1,seg1,11.0,Sunday,0.0,Sunday
898,2024-02-25,,,0.0,,ad1,seg1,6.0,Sunday,0.0,Sunday
899,2024-02-25,,,0.0,,ad1,seg2,21.0,Sunday,0.0,Sunday
900,2024-02-25,,,0.0,,ad1,seg2,18.0,Sunday,0.0,Sunday
901,2024-02-25,,,0.0,,ad1,seg2,3.0,Sunday,0.0,Sunday
902,2024-02-25,,,0.0,,ad1,seg2,34.0,Sunday,0.0,Sunday
903,2024-02-25,,,0.0,,ad1,seg2,17.0,Sunday,0.0,Sunday
904,2024-02-25,,,0.0,,ad1,seg3,33.0,Sunday,0.0,Sunday
905,2024-02-25,,,0.0,,ad1,seg4,13.0,Sunday,0.0,Sunday
906,2024-02-25,,,0.0,,ad1,seg4,42.0,Sunday,0.0,Sunday
907,2024-02-25,,,0.0,,ad1,seg4,17.0,Sunday,0.0,Sunday
908,2024-02-25,,,0.0,,ad1,seg4,6.0,Sunday,0.0,Sunday
909,2024-02-25,,,0.0,,ad2,seg1,4.0,Sunday,0.0,Sunday
910,2024-02-25,,,0.0,,ad2,seg1,35.0,Sunday,0.0,Sunday
911,2024-02-25,,,0.0,,ad2,seg1,44.0,Sunday,0.0,Sunday
912,2024-02-25,,,0.0,,ad2,seg2,18.0,Sunday,0.0,Sunday
913,2024-02-25,,,0.0,,ad2,seg2,25.0,Sunday,0.0,Sunday
914,2024-02-25,,,0.0,,ad2,seg2,55.0,Sunday,0.0,Sunday
915,2024-02-25,,,0.0,,ad2,seg2,31.0,Sunday,0.0,Sunday
916,2024-02-25,,,0.0,,ad2,seg2,40.0,Sunday,0.0,Sunday
917,2024-02-25,,,0.0,,ad2,seg2,50.0,Sunday,0.0,Sunday
918,2024-02-25,,,0.0,,ad2,seg3,41.0,Sunday,0.0,Sunday
919,2024-02-25,,,0.0,,ad2,seg3,45.0,Sunday,0.0,Sunday
920,2024-02-25,,,0.0,,ad2,seg3,12.0,Sunday,0.0,Sunday
921,2024-02-25,,,0.0,,ad2,seg4,7.0,Sunday,0.0,Sunday
922,2024-02-25,,,0.0,,ad2,seg4,20.0,Sunday,0.0,Sunday
923,2024-02-25,,,0.0,,ad3,seg1,53.0,Sunday,0.0,Sunday
924,2024-02-25,,,0.0,,ad3,seg2,46.0,Sunday,0.0,Sunday
925,2024-02-25,,,0.0,,ad3,seg2,29.0,Sunday,0.0,Sunday
926,2024-02-26,,,0.0,,ad2,seg1,35.0,Monday,0.0,Monday
927,2024-02-26,,,0.0,,ad2,seg1,41.0,Monday,0.0,Monday
928,2024-02-26,,,0.0,,ad2,seg1,38.0,Monday,0.0,Monday
929,2024-02-26,,,0.0,,ad2,seg1,27.0,Monday,0.0,Monday
930,2024-02-26,,,0.0,,ad2,seg1,46.0,Monday,0.0,Monday
931,2024-02-26,,,0.0,,ad2,seg1,31.0,Monday,0.0,Monday
932,2024-02-26,,,0.0,,ad2,seg2,25.0,Monday,0.0,Monday
933,2024-02-26,,,0.0,,ad2,seg2,14.0,Monday,0.0,Monday
934,2024-02-26,,,0.0,,ad2,seg2,58.0,Monday,0.0,Monday
935,2024-02-26,,,0.0,,ad2,seg2,44.0,Monday,0.0,Monday
936,2024-02-26,,,0.0,,ad2,seg2,10.0,Monday,0.0,Monday
937,2024-02-26,,,0.0,,ad2,seg3,8.0,Monday,0.0,Monday
938,2024-02-26,,,0.0,,ad2,seg3,37.0,Monday,0.0,Monday
939,2024-02-26,,,0.0,,ad2,seg3,28.0,Monday,0.0,Monday
940,2024-02-26,,,0.0,,ad2,seg3,22.0,Monday,0.0,Monday
941,2024-02-26,,,0.0,,ad2,seg3,42.0,Monday,0.0,Monday
942,2024-02-26,,,0.0,,ad2,seg3,32.0,Monday,0.0,Monday
943,2024-02-26,,,0.0,,ad2,seg4,40.0,Monday,0.0,Monday
944,2024-02-26,,,0.0,,ad2,seg4,30.0,Monday,0.0,Monday
945,2024-02-26,,,0.0,,ad2,seg4,25.0,Monday,0.0,Monday
946,2024-02-26,,,0.0,,ad2,seg4,17.0,Monday,0.0,Monday
947,2024-02-26,,,0.0,,ad3,seg1,53.0,Monday,0.0,Monday
948,2024-02-26,,,0.0,,ad3,seg1,19.0,Monday,0.0,Monday
949,2024-02-26,,,0.0,,ad3,seg2,35.0,Monday,0.0,Monday
950,2024-02-26,,,0.0,,ad3,seg2,22.0,Monday,0.0,Monday
951,2024-02-26,,,0.0,,ad3,seg2,46.0,Monday,0.0,Monday
952,2024-02-26,,,0.0,,ad3,seg2,44.0,Monday,0.0,Monday
953,2024-02-26,,,0.0,,ad3,seg3,2.0,Monday,0.0,Monday
954,2024-02-27,,,0.0,,ad2,seg1,31.0,Tuesday,0.0,Tuesday
955,2024-02-27,,,0.0,,ad2,seg1,30.0,Tuesday,0.0,Tuesday
956,2024-02-27,,,0.0,,ad2,seg1,36.0,Tuesday,0.0,Tuesday
957,2024-02-27,,,0.0,,ad2,seg1,12.0,Tuesday,0.0,Tuesday
958,2024-02-27,,,0.0,,ad2,seg1,9.0,Tuesday,0.0,Tuesday
959,2024-02-27,,,0.0,,ad2,seg2,20.0,Tuesday,0.0,Tuesday
960,2024-02-27,,,0.0,,ad2,seg2,26.0,Tuesday,0.0,Tuesday
961,2024-02-27,,,0.0,,ad2,seg3,17.0,Tuesday,0.0,Tuesday
962,2024-02-27,,,0.0,,ad2,seg3,49.0,Tuesday,0.0,Tuesday
963,2024-02-27,,,0.0,,ad2,seg3,19.0,Tuesday,0.0,Tuesday
964,2024-02-27,,,0.0,,ad2,seg3,30.0,Tuesday,0.0,Tuesday
965,2024-02-27,,,0.0,,ad2,seg4,27.0,Tuesday,0.0,Tuesday
966,2024-02-27,,,0.0,,ad3,seg1,48.0,Tuesday,0.0,Tuesday
967,2024-02-27,,,0.0,,ad3,seg1,21.0,Tuesday,0.0,Tuesday
968,2024-02-27,,,0.0,,ad3,seg2,12.0,Tuesday,0.0,Tuesday
969,2024-02-27,,,0.0,,ad3,seg3,19.0,Tuesday,0.0,Tuesday
970,2024-02-27,,,0.0,,ad3,seg3,46.0,Tuesday,0.0,Tuesday
971,2024-02-27,,,0.0,,ad3,seg4,6.0,Tuesday,0.0,Tuesday
972,2024-02-28,,,0.0,,ad2,seg1,43.0,Wednesday,0.0,Wednesday
973,2024-02-28,,,0.0,,ad2,seg1,38.0,Wednesday,0.0,Wednesday
974,2024-02-28,,,0.0,,ad2,seg1,28.0,Wednesday,0.0,Wednesday
975,2024-02-28,,,0.0,,ad2,seg1,38.0,Wednesday,0.0,Wednesday
976,2024-02-28,,,0.0,,ad2,seg1,35.0,Wednesday,0.0,Wednesday
977,2024-02-28,,,0.0,,ad2,seg1,27.0,Wednesday,0.0,Wednesday
978,2024-02-28,,,0.0,,ad2,seg1,16.0,Wednesday,0.0,Wednesday
979,2024-02-28,,,0.0,,ad2,seg2,21.0,Wednesday,0.0,Wednesday
980,2024-02-28,,,0.0,,ad2,seg2,24.0,Wednesday,0.0,Wednesday
981,2024-02-28,,,0.0,,ad2,seg2,42.0,Wednesday,0.0,Wednesday
982,2024-02-28,,,0.0,,ad2,seg2,18.0,Wednesday,0.0,Wednesday
983,2024-02-28,,,0.0,,ad2,seg2,28.0,Wednesday,0.0,Wednesday
984,2024-02-28,,,0.0,,ad2,seg2,31.0,Wednesday,0.0,Wednesday
985,2024-02-28,,,0.0,,ad2,seg2,52.0,Wednesday,0.0,Wednesday
986,2024-02-28,,,0.0,,ad2,seg2,38.0,Wednesday,0.0,Wednesday
987,2024-02-28,,,0.0,,ad2,seg2,21.0,Wednesday,0.0,Wednesday
988,2024-02-28,,,0.0,,ad2,seg2,37.0,Wednesday,0.0,Wednesday
989,2024-02-28,,,0.0,,ad2,seg3,31.0,Wednesday,0.0,Wednesday
990,2024-02-28,,,0.0,,ad2,seg3,36.0,Wednesday,0.0,Wednesday
991,2024-02-28,,,0.0,,ad2,seg3,40.0,Wednesday,0.0,Wednesday
992,2024-02-28,,,0.0,,ad2,seg4,12.0,Wednesday,0.0,Wednesday
993,2024-02-28,,,0.0,,ad2,seg4,20.0,Wednesday,0.0,Wednesday
994,2024-02-28,,,0.0,,ad2,seg4,57.0,Wednesday,0.0,Wednesday
995,2024-02-29,,,0.0,,ad2,seg1,21.0,Thursday,0.0,Thursday
996,2024-02-29,,,0.0,,ad2,seg1,33.0,Thursday,0.0,Thursday
997,2024-02-29,,,0.0,,ad2,seg2,23.0,Thursday,0.0,Thursday
998,2024-02-29,,,0.0,,ad2,seg2,9.0,Thursday,0.0,Thursday
999,2024-02-29,,,0.0,,ad2,seg3,21.0,Thursday,0.0,Thursday
1000,2024-02-29,,,0.0,,ad2,seg3,45.0,Thursday,0.0,Thursday
1001,2024-02-29,,,0.0,,ad2,seg3,34.0,Thursday,0.0,Thursday
1002,2024-02-29,,,0.0,,ad2,seg3,2.0,Thursday,0.0,Thursday
1003,2024-02-29,,,0.0,,ad2,seg4,53.0,Thursday,0.0,Thursday
1004,2024-02-29,,,0.0,,ad2,seg4,30.0,Thursday,0.0,Thursday
1005,2024-03-01,,,0.0,,,,0.0,,0.0,Friday
1006,2024-03-02,,,0.0,,,,0.0,,0.0,Saturday
1007,2024-03-03,,,0.0,,,,0.0,,0.0,Sunday
1008,2024-03-04,,,0.0,,,,0.0,,0.0,Monday
1009,2024-03-05,,,0.0,,,,0.0,,0.0,Tuesday
1010,2024-03-06,,,0.0,,,,0.0,,0.0,Wednesday
1011,2024-03-07,,,0.0,,,,0.0,,0.0,Thursday
1012,2024-03-08,,,0.0,,,,0.0,,0.0,Friday
1013,2024-03-09,,,0.0,,,,0.0,,0.0,Saturday
1014,2024-03-10,,,0.0,,,,0.0,,0.0,Sunday
1015,2024-03-11,,,0.0,,,,0.0,,0.0,Monday
1016,2024-03-12,,,0.0,,,,0.0,,0.0,Tuesday
1017,2024-03-13,,,0.0,,,,0.0,,0.0,Wednesday
1018,2024-03-14,,,0.0,,,,0.0,,0.0,Thursday
1019,2024-03-15,,,0.0,,,,0.0,,0.0,Friday
1020,2024-03-16,,,0.0,,,,0.0,,0.0,Saturday
1021,2024-03-17,,,0.0,,,,0.0,,0.0,Sunday
1022,2024-03-18,,,0.0,,,,0.0,,0.0,Monday
1023,2024-03-19,,,0.0,,,,0.0,,0.0,Tuesday
1024,2024-03-20,,,0.0,,,,0.0,,0.0,Wednesday
1025,2024-03-21,,,0.0,,,,0.0,,0.0,Thursday
1026,2024-03-22,,,0.0,,,,0.0,,0.0,Friday
1027,2024-03-23,,,0.0,,,,0.0,,0.0,Saturday
1028,2024-03-24,,,0.0,,,,0.0,,0.0,Sunday
1029,2024-03-25,,,0.0,,,,0.0,,0.0,Monday
1030,2024-03-26,,,0.0,,,,0.0,,0.0,Tuesday
1031,2024-03-27,,,0.0,,,,0.0,,0.0,Wednesday
1032,2024-03-28,ad2,seg4,3.0,Thursday,,,0.0,,inf,Thursday
1033,2024-03-29,ad2,seg4,3.0,Friday,,,0.0,,inf,Friday
1034,2024-03-30,,,0.0,,,,0.0,,0.0,Saturday
1035,2024-03-31,ad2,seg4,2.0,Sunday,,,0.0,,inf,Sunday
1036,2024-04-01,,,0.0,,,,0.0,,0.0,Monday
1037,2024-04-02,,,0.0,,,,0.0,,0.0,Tuesday
1038,2024-04-03,ad2,seg4,5.0,Wednesday,,,0.0,,inf,Wednesday
1039,2024-04-04,ad2,seg4,1.0,Thursday,,,0.0,,inf,Thursday
1040,2024-04-05,ad2,seg4,3.0,Friday,,,0.0,,inf,Friday
1041,2024-04-06,ad2,seg4,2.0,Saturday,,,0.0,,inf,Saturday
1042,2024-04-07,ad2,seg4,1.0,Sunday,,,0.0,,inf,Sunday
1043,2024-04-08,ad2,seg4,2.0,Monday,,,0.0,,inf,Monday
1044,2024-04-09,,,0.0,,,,0.0,,0.0,Tuesday
1045,2024-04-10,ad2,seg4,2.0,Wednesday,,,0.0,,inf,Wednesday
1046,2024-04-11,,,0.0,,,,0.0,,0.0,Thursday
1047,2024-04-12,,,0.0,,,,0.0,,0.0,Friday
1048,2024-04-13,ad2,seg4,1.0,Saturday,,,0.0,,inf,Saturday
1049,2024-04-14,ad2,seg4,3.0,Sunday,,,0.0,,inf,Sunday
1050,2024-04-14,ad3,seg4,3.0,Sunday,,,0.0,,inf,Sunday
1051,2024-04-15,,,0.0,,,,0.0,,0.0,Monday
1052,2024-04-16,ad2,seg4,1.0,Tuesday,,,0.0,,inf,Tuesday
1053,2024-04-16,ad3,seg4,13.0,Tuesday,,,0.0,,inf,Tuesday
1054,2024-04-17,ad3,seg4,6.0,Wednesday,,,0.0,,inf,Wednesday
1055,2024-04-18,ad2,seg4,2.0,Thursday,,,0.0,,inf,Thursday
1056,2024-04-19,ad3,seg4,2.0,Friday,,,0.0,,inf,Friday
1057,2024-04-20,ad2,seg4,1.0,Saturday,,,0.0,,inf,Saturday
1058,2024-04-20,ad3,seg4,5.0,Saturday,,,0.0,,inf,Saturday
1059,2024-04-21,ad2,seg4,3.0,Sunday,,,0.0,,inf,Sunday
1060,2024-04-21,ad3,seg4,1.0,Sunday,,,0.0,,inf,Sunday
1061,2024-04-22,ad2,seg4,1.0,Monday,,,0.0,,inf,Monday
1062,2024-04-22,ad3,seg4,1.0,Monday,,,0.0,,inf,Monday
1063,2024-04-23,ad1,seg3,2.0,Tuesday,,,0.0,,inf,Tuesday
1064,2024-04-23,ad2,seg4,3.0,Tuesday,,,0.0,,inf,Tuesday
1065,2024-04-24,ad1,seg3,9.0,Wednesday,,,0.0,,inf,Wednesday
1066,2024-04-24,ad2,seg4,2.0,Wednesday,,,0.0,,inf,Wednesday
1067,2024-04-24,ad3,seg4,1.0,Wednesday,,,0.0,,inf,Wednesday
1068,2024-04-25,ad3,seg4,7.0,Thursday,,,0.0,,inf,Thursday
1069,2024-04-26,ad1,seg3,3.0,Friday,,,0.0,,inf,Friday
1070,2024-04-26,ad3,seg4,4.0,Friday,,,0.0,,inf,Friday
1071,2024-04-27,ad1,seg3,8.0,Saturday,,,0.0,,inf,Saturday
1072,2024-04-27,ad3,seg4,4.0,Saturday,,,0.0,,inf,Saturday
1073,2024-04-28,ad1,seg3,13.0,Sunday,,,0.0,,inf,Sunday
1074,2024-04-29,ad1,seg3,15.0,Monday,,,0.0,,inf,Monday
1075,2024-04-29,ad3,seg4,13.0,Monday,,,0.0,,inf,Monday
1076,2024-04-30,ad1,seg3,2.0,Tuesday,,,0.0,,inf,Tuesday
1077,2024-04-30,ad3,seg4,16.0,Tuesday,,,0.0,,inf,Tuesday
1078,2024-05-01,ad1,seg3,2.0,Wednesday,,,0.0,,inf,Wednesday
1079,2024-05-01,ad3,seg4,1.0,Wednesday,,,0.0,,inf,Wednesday
1080,2024-05-02,ad3,seg4,2.0,Thursday,,,0.0,,inf,Thursday
1081,2024-05-03,ad1,seg3,2.0,Friday,,,0.0,,inf,Friday
1082,2024-05-03,ad3,seg4,10.0,Friday,,,0.0,,inf,Friday
1083,2024-05-04,ad3,seg4,1.0,Saturday,,,0.0,,inf,Saturday
1084,2024-05-05,ad1,seg3,1.0,Sunday,,,0.0,,inf,Sunday
1085,2024-05-05,ad3,seg4,5.0,Sunday,,,0.0,,inf,Sunday
1086,2024-05-06,,,0.0,,,,0.0,,0.0,Monday
1087,2024-05-07,ad1,seg3,8.0,Tuesday,,,0.0,,inf,Tuesday
1088,2024-05-07,ad3,seg3,16.0,Tuesday,,,0.0,,inf,Tuesday
1089,2024-05-07,ad3,seg4,4.0,Tuesday,,,0.0,,inf,Tuesday
1090,2024-05-08,ad1,seg3,8.0,Wednesday,,,0.0,,inf,Wednesday
1091,2024-05-08,ad3,seg4,2.0,Wednesday,,,0.0,,inf,Wednesday
1092,2024-05-09,ad1,seg3,2.0,Thursday,,,0.0,,inf,Thursday
1093,2024-05-10,ad1,seg3,7.0,Friday,,,0.0,,inf,Friday
1094,2024-05-11,ad1,seg3,6.0,Saturday,,,0.0,,inf,Saturday
1095,2024-05-12,ad3,seg3,3.0,Sunday,,,0.0,,inf,Sunday
1096,2024-05-13,,,0.0,,,,0.0,,0.0,Monday
1097,2024-05-14,ad1,seg3,6.0,Tuesday,,,0.0,,inf,Tuesday
1098,2024-05-15,ad3,seg3,7.0,Wednesday,,,0.0,,inf,Wednesday
1099,2024-05-16,ad3,seg3,17.0,Thursday,,,0.0,,inf,Thursday
1100,2024-05-17,,,0.0,,,,0.0,,0.0,Friday
1101,2024-05-18,ad3,seg3,3.0,Saturday,,,0.0,,inf,Saturday
1102,2024-05-19,,,0.0,,,,0.0,,0.0,Sunday
1103,2024-05-20,ad3,seg3,11.0,Monday,,,0.0,,inf,Monday
1104,2024-05-21,ad3,seg3,19.0,Tuesday,,,0.0,,inf,Tuesday
1105,2024-05-22,,,0.0,,,,0.0,,0.0,Wednesday
1106,2024-05-23,ad3,seg1,17.0,Thursday,,,0.0,,inf,Thursday
1107,2024-05-23,ad3,seg3,8.0,Thursday,,,0.0,,inf,Thursday
1108,2024-05-24,ad3,seg3,18.0,Friday,,,0.0,,inf,Friday
1109,2024-05-25,ad3,seg3,11.0,Saturday,,,0.0,,inf,Saturday
1110,2024-05-26,ad3,seg3,3.0,Sunday,,,0.0,,inf,Sunday
1111,2024-05-27,ad3,seg1,20.0,Monday,,,0.0,,inf,Monday
1112,2024-05-27,ad3,seg3,1.0,Monday,,,0.0,,inf,Monday
1113,2024-05-28,ad3,seg1,8.0,Tuesday,,,0.0,,inf,Tuesday
1114,2024-05-29,ad3,seg1,16.0,Wednesday,,,0.0,,inf,Wednesday
1115,2024-05-30,,,0.0,,,,0.0,,0.0,Thursday
1116,2024-05-31,ad3,seg1,7.0,Friday,,,0.0,,inf,Friday
1117,2024-06-01,ad3,seg1,20.0,Saturday,,,0.0,,inf,Saturday
1118,2024-06-02,ad3,seg3,7.0,Sunday,,,0.0,,inf,Sunday
1119,2024-06-03,,,0.0,,,,0.0,,0.0,Monday
1120,2024-06-04,ad2,seg3,9.0,Tuesday,,,0.0,,inf,Tuesday
1121,2024-06-05,ad2,seg3,7.0,Wednesday,,,0.0,,inf,Wednesday
1122,2024-06-06,ad2,seg3,2.0,Thursday,,,0.0,,inf,Thursday
1123,2024-06-06,ad3,seg1,19.0,Thursday,,,0.0,,inf,Thursday
1124,2024-06-07,ad2,seg3,6.0,Friday,,,0.0,,inf,Friday
1125,2024-06-07,ad3,seg1,6.0,Friday,,,0.0,,inf,Friday
1126,2024-06-08,ad2,seg1,3.0,Saturday,,,0.0,,inf,Saturday
1127,2024-06-08,ad3,seg1,7.0,Saturday,,,0.0,,inf,Saturday
1128,2024-06-09,ad2,seg1,3.0,Sunday,,,0.0,,inf,Sunday
1129,2024-06-09,ad2,seg3,4.0,Sunday,,,0.0,,inf,Sunday
1130,2024-06-09,ad3,seg1,21.0,Sunday,,,0.0,,inf,Sunday
1131,2024-06-10,ad2,seg1,9.0,Monday,,,0.0,,inf,Monday
1132,2024-06-10,ad2,seg3,8.0,Monday,,,0.0,,inf,Monday
1133,2024-06-10,ad3,seg1,18.0,Monday,,,0.0,,inf,Monday
1134,2024-06-11,ad2,seg1,7.0,Tuesday,,,0.0,,inf,Tuesday
1135,2024-06-11,ad3,seg1,15.0,Tuesday,,,0.0,,inf,Tuesday
1136,2024-06-12,ad2,seg1,4.0,Wednesday,,,0.0,,inf,Wednesday
1137,2024-06-12,ad2,seg3,5.0,Wednesday,,,0.0,,inf,Wednesday
1138,2024-06-13,ad2,seg1,5.0,Thursday,,,0.0,,inf,Thursday
1139,2024-06-13,ad2,seg3,10.0,Thursday,,,0.0,,inf,Thursday
1140,2024-06-14,ad2,seg1,2.0,Friday,,,0.0,,inf,Friday
1141,2024-06-14,ad2,seg3,10.0,Friday,,,0.0,,inf,Friday
1142,2024-06-15,ad2,seg1,2.0,Saturday,,,0.0,,inf,Saturday
1143,2024-06-15,ad2,seg3,6.0,Saturday,,,0.0,,inf,Saturday
1144,2024-06-15,ad3,seg1,3.0,Saturday,,,0.0,,inf,Saturday
1145,2024-06-16,ad2,seg1,1.0,Sunday,,,0.0,,inf,Sunday
1146,2024-06-16,ad2,seg3,13.0,Sunday,,,0.0,,inf,Sunday
1147,2024-06-17,ad1,seg4,9.0,Monday,,,0.0,,inf,Monday
1148,2024-06-17,ad2,seg1,4.0,Monday,,,0.0,,inf,Monday
1149,2024-06-17,ad2,seg3,2.0,Monday,,,0.0,,inf,Monday
1150,2024-06-17,ad3,seg1,1.0,Monday,,,0.0,,inf,Monday
1151,2024-06-18,ad1,seg4,6.0,Tuesday,,,0.0,,inf,Tuesday
1152,2024-06-18,ad2,seg1,16.0,Tuesday,,,0.0,,inf,Tuesday
1153,2024-06-18,ad2,seg3,12.0,Tuesday,,,0.0,,inf,Tuesday
1154,2024-06-18,ad3,seg1,4.0,Tuesday,,,0.0,,inf,Tuesday
1155,2024-06-19,ad1,seg4,10.0,Wednesday,,,0.0,,inf,Wednesday
1156,2024-06-19,ad2,seg1,10.0,Wednesday,,,0.0,,inf,Wednesday
1157,2024-06-19,ad2,seg3,8.0,Wednesday,,,0.0,,inf,Wednesday
1158,2024-06-20,ad1,seg4,4.0,Thursday,,,0.0,,inf,Thursday
1159,2024-06-20,ad2,seg1,10.0,Thursday,,,0.0,,inf,Thursday
1160,2024-06-21,ad1,seg4,1.0,Friday,,,0.0,,inf,Friday
1161,2024-06-21,ad2,seg1,3.0,Friday,,,0.0,,inf,Friday
1162,2024-06-21,ad2,seg3,3.0,Friday,,,0.0,,inf,Friday
1163,2024-06-22,ad2,seg1,4.0,Saturday,,,0.0,,inf,Saturday
1164,2024-06-22,ad2,seg3,7.0,Saturday,,,0.0,,inf,Saturday
1165,2024-06-23,ad1,seg4,1.0,Sunday,,,0.0,,inf,Sunday
1166,2024-06-23,ad2,seg1,5.0,Sunday,,,0.0,,inf,Sunday
1167,2024-06-23,ad2,seg3,2.0,Sunday,,,0.0,,inf,Sunday
1168,2024-06-24,ad1,seg4,11.0,Monday,,,0.0,,inf,Monday
1169,2024-06-24,ad2,seg1,4.0,Monday,,,0.0,,inf,Monday
1170,2024-06-25,ad1,seg4,6.0,Tuesday,,,0.0,,inf,Tuesday
1171,2024-06-25,ad2,seg1,13.0,Tuesday,,,0.0,,inf,Tuesday
1172,2024-06-25,ad2,seg3,6.0,Tuesday,,,0.0,,inf,Tuesday
1173,2024-06-26,ad1,seg4,8.0,Wednesday,,,0.0,,inf,Wednesday
1174,2024-06-26,ad2,seg1,1.0,Wednesday,,,0.0,,inf,Wednesday
1175,2024-06-26,ad2,seg3,6.0,Wednesday,,,0.0,,inf,Wednesday
1176,2024-06-27,ad1,seg4,15.0,Thursday,,,0.0,,inf,Thursday
1177,2024-06-27,ad2,seg1,6.0,Thursday,,,0.0,,inf,Thursday
1178,2024-06-27,ad2,seg3,3.0,Thursday,,,0.0,,inf,Thursday
1179,2024-06-28,ad1,seg4,19.0,Friday,,,0.0,,inf,Friday
1180,2024-06-28,ad2,seg1,7.0,Friday,,,0.0,,inf,Friday
1181,2024-06-28,ad2,seg3,11.0,Friday,,,0.0,,inf,Friday
1182,2024-06-29,ad2,seg1,2.0,Saturday,,,0.0,,inf,Saturday
1183,2024-06-29,ad2,seg3,6.0,Saturday,,,0.0,,inf,Saturday
1184,2024-06-30,ad2,seg1,15.0,Sunday,,,0.0,,inf,Sunday
1185,2024-06-30,ad2,seg3,5.0,Sunday,,,0.0,,inf,Sunday
1186,2024-07-01,ad2,seg1,3.0,Monday,,,0.0,,inf,Monday
1187,2024-07-01,ad2,seg2,4.0,Monday,,,0.0,,inf,Monday
1188,2024-07-01,ad2,seg3,6.0,Monday,,,0.0,,inf,Monday
1189,2024-07-02,ad1,seg4,12.0,Tuesday,,,0.0,,inf,Tuesday
1190,2024-07-02,ad2,seg1,8.0,Tuesday,,,0.0,,inf,Tuesday
1191,2024-07-02,ad2,seg2,2.0,Tuesday,,,0.0,,inf,Tuesday
1192,2024-07-03,ad1,seg4,8.0,Wednesday,,,0.0,,inf,Wednesday
1193,2024-07-03,ad2,seg1,6.0,Wednesday,,,0.0,,inf,Wednesday
1194,2024-07-03,ad2,seg2,8.0,Wednesday,,,0.0,,inf,Wednesday
1195,2024-07-04,ad1,seg4,18.0,Thursday,,,0.0,,inf,Thursday
1196,2024-07-04,ad2,seg1,6.0,Thursday,,,0.0,,inf,Thursday
1197,2024-07-04,ad2,seg2,7.0,Thursday,,,0.0,,inf,Thursday
1198,2024-07-05,ad1,seg4,1.0,Friday,,,0.0,,inf,Friday
1199,2024-07-05,ad2,seg1,4.0,Friday,,,0.0,,inf,Friday
1200,2024-07-05,ad2,seg2,5.0,Friday,,,0.0,,inf,Friday
1201,2024-07-06,ad1,seg4,16.0,Saturday,,,0.0,,inf,Saturday
1202,2024-07-06,ad2,seg2,3.0,Saturday,,,0.0,,inf,Saturday
1203,2024-07-07,ad1,seg4,7.0,Sunday,,,0.0,,inf,Sunday
1204,2024-07-07,ad2,seg2,10.0,Sunday,,,0.0,,inf,Sunday
1205,2024-07-08,ad1,seg4,7.0,Monday,,,0.0,,inf,Monday
1206,2024-07-08,ad2,seg2,6.0,Monday,,,0.0,,inf,Monday
1207,2024-07-08,ad3,seg2,11.0,Monday,,,0.0,,inf,Monday
1208,2024-07-09,ad1,seg4,3.0,Tuesday,,,0.0,,inf,Tuesday
1209,2024-07-09,ad2,seg2,8.0,Tuesday,,,0.0,,inf,Tuesday
1210,2024-07-10,ad1,seg4,19.0,Wednesday,,,0.0,,inf,Wednesday
1211,2024-07-10,ad2,seg2,6.0,Wednesday,,,0.0,,inf,Wednesday
1212,2024-07-10,ad3,seg2,7.0,Wednesday,,,0.0,,inf,Wednesday
1213,2024-07-11,ad2,seg2,8.0,Thursday,,,0.0,,inf,Thursday
1214,2024-07-11,ad3,seg2,21.0,Thursday,,,0.0,,inf,Thursday
1215,2024-07-12,ad2,seg2,4.0,Friday,,,0.0,,inf,Friday
1216,2024-07-13,ad2,seg2,1.0,Saturday,,,0.0,,inf,Saturday
1217,2024-07-13,ad3,seg2,21.0,Saturday,,,0.0,,inf,Saturday
1218,2024-07-14,ad2,seg2,3.0,Sunday,,,0.0,,inf,Sunday
1219,2024-07-15,ad2,seg2,1.0,Monday,,,0.0,,inf,Monday
1220,2024-07-15,ad3,seg2,6.0,Monday,,,0.0,,inf,Monday
1221,2024-07-16,ad2,seg2,3.0,Tuesday,,,0.0,,inf,Tuesday
1222,2024-07-17,ad2,seg2,4.0,Wednesday,,,0.0,,inf,Wednesday
1223,2024-07-17,ad3,seg2,13.0,Wednesday,,,0.0,,inf,Wednesday
1224,2024-07-18,ad2,seg2,6.0,Thursday,,,0.0,,inf,Thursday
1225,2024-07-19,ad2,seg2,1.0,Friday,,,0.0,,inf,Friday
1226,2024-07-19,ad3,seg2,7.0,Friday,,,0.0,,inf,Friday
1227,2024-07-20,ad2,seg2,4.0,Saturday,,,0.0,,inf,Saturday
1228,2024-07-20,ad3,seg2,3.0,Saturday,,,0.0,,inf,Saturday
1229,2024-07-21,ad2,seg2,4.0,Sunday,,,0.0,,inf,Sunday
1230,2024-07-22,ad2,seg2,5.0,Monday,,,0.0,,inf,Monday
1231,2024-07-23,ad2,seg2,4.0,Tuesday,,,0.0,,inf,Tuesday
1232,2024-07-23,ad3,seg2,9.0,Tuesday,,,0.0,,inf,Tuesday
1233,2024-07-24,ad2,seg2,6.0,Wednesday,,,0.0,,inf,Wednesday
1234,2024-07-24,ad3,seg2,19.0,Wednesday,,,0.0,,inf,Wednesday
1235,2024-07-25,ad2,seg2,3.0,Thursday,,,0.0,,inf,Thursday
1236,2024-07-25,ad3,seg2,13.0,Thursday,,,0.0,,inf,Thursday
1237,2024-07-26,ad3,seg2,19.0,Friday,,,0.0,,inf,Friday
1238,2024-07-27,ad2,seg2,12.0,Saturday,,,0.0,,inf,Saturday
1239,2024-07-27,ad3,seg2,17.0,Saturday,,,0.0,,inf,Saturday
1240,2024-07-28,ad1,seg1,6.0,Sunday,,,0.0,,inf,Sunday
1241,2024-07-28,ad3,seg2,12.0,Sunday,,,0.0,,inf,Sunday
1242,2024-07-29,ad1,seg1,9.0,Monday,,,0.0,,inf,Monday
1243,2024-07-29,ad3,seg2,21.0,Monday,,,0.0,,inf,Monday
1244,2024-07-30,ad1,seg1,2.0,Tuesday,,,0.0,,inf,Tuesday
1245,2024-07-31,ad1,seg1,3.0,Wednesday,,,0.0,,inf,Wednesday
1246,2024-08-01,ad3,seg2,12.0,Thursday,,,0.0,,inf,Thursday
1247,2024-08-02,ad1,seg1,6.0,Friday,,,0.0,,inf,Friday
1248,2024-08-02,ad3,seg2,10.0,Friday,,,0.0,,inf,Friday
1249,2024-08-03,ad3,seg2,13.0,Saturday,,,0.0,,inf,Saturday
1250,2024-08-04,,,0.0,,,,0.0,,0.0,Sunday
1251,2024-08-05,ad1,seg1,2.0,Monday,,,0.0,,inf,Monday
1252,2024-08-06,ad1,seg1,4.0,Tuesday,,,0.0,,inf,Tuesday
1253,2024-08-07,ad1,seg1,1.0,Wednesday,,,0.0,,inf,Wednesday
1254,2024-08-08,ad1,seg1,5.0,Thursday,,,0.0,,inf,Thursday
1255,2024-08-09,ad1,seg1,7.0,Friday,,,0.0,,inf,Friday
1256,2024-08-10,ad1,seg1,1.0,Saturday,,,0.0,,inf,Saturday
1257,2024-08-11,ad1,seg1,1.0,Sunday,,,0.0,,inf,Sunday
1258,2024-08-12,ad1,seg1,1.0,Monday,,,0.0,,inf,Monday
1259,2024-08-13,ad1,seg1,11.0,Tuesday,,,0.0,,inf,Tuesday
1260,2024-08-14,ad1,seg1,5.0,Wednesday,,,0.0,,inf,Wednesday
1261,2024-08-15,ad1,seg1,7.0,Thursday,,,0.0,,inf,Thursday
1262,2024-08-16,ad1,seg1,4.0,Friday,,,0.0,,inf,Friday
1263,2024-08-17,ad1,seg1,2.0,Saturday,,,0.0,,inf,Saturday
1264,2024-08-18,ad1,seg1,4.0,Sunday,,,0.0,,inf,Sunday
1265,2024-08-18,ad1,seg2,18.0,Sunday,,,0.0,,inf,Sunday
1266,2024-08-19,ad1,seg1,3.0,Monday,,,0.0,,inf,Monday
1267,2024-08-19,ad1,seg2,1.0,Monday,,,0.0,,inf,Monday
1268,2024-08-20,ad1,seg1,9.0,Tuesday,,,0.0,,inf,Tuesday
1269,2024-08-20,ad1,seg2,8.0,Tuesday,,,0.0,,inf,Tuesday
1270,2024-08-21,ad1,seg1,1.0,Wednesday,,,0.0,,inf,Wednesday
1271,2024-08-21,ad1,seg2,4.0,Wednesday,,,0.0,,inf,Wednesday
1272,2024-08-22,,,0.0,,,,0.0,,0.0,Thursday
1273,2024-08-23,ad1,seg2,1.0,Friday,,,0.0,,inf,Friday
1274,2024-08-24,ad1,seg2,13.0,Saturday,,,0.0,,inf,Saturday
1275,2024-08-25,ad1,seg2,21.0,Sunday,,,0.0,,inf,Sunday
1276,2024-08-26,,,0.0,,,,0.0,,0.0,Monday
1277,2024-08-27,ad1,seg2,10.0,Tuesday,,,0.0,,inf,Tuesday
1278,2024-08-28,ad1,seg2,17.0,Wednesday,,,0.0,,inf,Wednesday
1279,2024-08-29,,,0.0,,,,0.0,,0.0,Thursday
1280,2024-08-30,ad1,seg2,5.0,Friday,,,0.0,,inf,Friday
1281,2024-08-31,,,0.0,,,,0.0,,0.0,Saturday
1282,2024-09-01,ad1,seg2,2.0,Sunday,,,0.0,,inf,Sunday
1283,2024-09-02,ad1,seg2,21.0,Monday,,,0.0,,inf,Monday
1284,2024-09-03,ad1,seg2,19.0,Tuesday,,,0.0,,inf,Tuesday
1285,2024-09-04,ad1,seg2,16.0,Wednesday,,,0.0,,inf,Wednesday
1286,2024-09-05,ad1,seg2,11.0,Thursday,,,0.0,,inf,Thursday
1287,2024-09-06,ad1,seg2,8.0,Friday,,,0.0,,inf,Friday
1288,2024-09-07,,,0.0,,,,0.0,,0.0,Saturday
1289,2024-09-08,ad1,seg2,4.0,Sunday,,,0.0,,inf,Sunday
1290,2024-09-09,ad1,seg2,16.0,Monday,,,0.0,,inf,Monday
1291,2024-09-10,ad1,seg2,5.0,Tuesday,,,0.0,,inf,Tuesday
1292,2024-09-11,ad1,seg2,9.0,Wednesday,,,0.0,,inf,Wednesday
1293,2024-09-12,,,0.0,,,,0.0,,0.0,Thursday
1294,2024-09-13,,,0.0,,,,0.0,,0.0,Friday
1295,2024-09-14,,,0.0,,,,0.0,,0.0,Saturday
1296,2024-09-15,,,0.0,,,,0.0,,0.0,Sunday
1297,2024-09-16,,,0.0,,,,0.0,,0.0,Monday
1298,2024-09-17,,,0.0,,,,0.0,,0.0,Tuesday
1299,2024-09-18,,,0.0,,,,0.0,,0.0,Wednesday
1300,2024-09-19,,,0.0,,,,0.0,,0.0,Thursday
1301,2024-09-20,,,0.0,,,,0.0,,0.0,Friday
1302,2024-09-21,,,0.0,,,,0.0,,0.0,Saturday
1303,2024-09-22,,,0.0,,,,0.0,,0.0,Sunday
1304,2024-09-23,,,0.0,,,,0.0,,0.0,Monday
1305,2024-09-24,,,0.0,,,,0.0,,0.0,Tuesday
1306,2024-09-25,,,0.0,,,,0.0,,0.0,Wednesday
1307,2024-09-26,,,0.0,,,,0.0,,0.0,Thursday
1308,2024-09-27,,,0.0,,,,0.0,,0.0,Friday
1309,2024-09-28,,,0.0,,,,0.0,,0.0,Saturday
1310,2024-09-29,,,0.0,,,,0.0,,0.0,Sunday
1311,2024-09-30,,,0.0,,,,0.0,,0.0,Monday
1312,2024-10-01,,,0.0,,,,0.0,,0.0,Tuesday
1313,2024-10-02,,,0.0,,,,0.0,,0.0,Wednesday
1314,2024-10-03,,,0.0,,,,0.0,,0.0,Thursday
1315,2024-10-04,,,0.0,,,,0.0,,0.0,Friday
1316,2024-10-05,,,0.0,,,,0.0,,0.0,Saturday
1317,2024-10-06,,,0.0,,,,0.0,,0.0,Sunday
1318,2024-10-07,,,0.0,,,,0.0,,0.0,Monday
1319,2024-10-08,,,0.0,,,,0.0,,0.0,Tuesday
1320,2024-10-09,,,0.0,,,,0.0,,0.0,Wednesday
1321,2024-10-10,,,0.0,,,,0.0,,0.0,Thursday
1322,2024-10-11,,,0.0,,,,0.0,,0.0,Friday
1323,2024-10-12,,,0.0,,,,0.0,,0.0,Saturday
1324,2024-10-13,,,0.0,,,,0.0,,0.0,Sunday
1325,2024-10-14,,,0.0,,,,0.0,,0.0,Monday
1326,2024-10-15,,,0.0,,,,0.0,,0.0,Tuesday
1327,2024-10-16,,,0.0,,,,0.0,,0.0,Wednesday
1328,2024-10-17,,,0.0,,,,0.0,,0.0,Thursday
1329,2024-10-18,,,0.0,,,,0.0,,0.0,Friday
1330,2024-10-19,,,0.0,,,,0.0,,0.0,Saturday
1331,2024-10-20,,,0.0,,,,0.0,,0.0,Sunday
1332,2024-10-21,,,0.0,,,,0.0,,0.0,Monday
1333,2024-10-22,,,0.0,,,,0.0,,0.0,Tuesday
1334,2024-10-23,,,0.0,,,,0.0,,0.0,Wednesday
1335,2024-10-24,,,0.0,,,,0.0,,0.0,Thursday
1336,2024-10-25,,,0.0,,,,0.0,,0.0,Friday
1337,2024-10-26,,,0.0,,,,0.0,,0.0,Saturday
1338,2024-10-27,,,0.0,,,,0.0,,0.0,Sunday
1339,2024-10-28,,,0.0,,,,0.0,,0.0,Monday
1340,2024-10-29,,,0.0,,,,0.0,,0.0,Tuesday
1341,2024-10-30,,,0.0,,,,0.0,,0.0,Wednesday
1342,2024-10-31,,,0.0,,,,0.0,,0.0,Thursday
1343,2024-11-01,,,0.0,,,,0.0,,0.0,Friday
1344,2024-11-02,,,0.0,,,,0.0,,0.0,Saturday
1345,2024-11-03,,,0.0,,,,0.0,,0.0,Sunday
1346,2024-11-04,,,0.0,,,,0.0,,0.0,Monday
1347,2024-11-05,,,0.0,,,,0.0,,0.0,Tuesday
1348,2024-11-06,,,0.0,,,,0.0,,0.0,Wednesday
1349,2024-11-07,,,0.0,,,,0.0,,0.0,Thursday
1350,2024-11-08,,,0.0,,,,0.0,,0.0,Friday
1351,2024-11-09,,,0.0,,,,0.0,,0.0,Saturday
1352,2024-11-10,,,0.0,,,,0.0,,0.0,Sunday
1353,2024-11-11,,,0.0,,,,0.0,,0.0,Monday
1354,2024-11-12,,,0.0,,,,0.0,,0.0,Tuesday
1355,2024-11-13,,,0.0,,,,0.0,,0.0,Wednesday
1356,2024-11-14,,,0.0,,,,0.0,,0.0,Thursday
1357,2024-11-15,,,0.0,,,,0.0,,0.0,Friday
1358,2024-11-16,,,0.0,,,,0.0,,0.0,Saturday
1359,2024-11-17,,,0.0,,,,0.0,,0.0,Sunday
1360,2024-11-18,,,0.0,,,,0.0,,0.0,Monday
1361,2024-11-19,,,0.0,,,,0.0,,0.0,Tuesday
1362,2024-11-20,,,0.0,,,,0.0,,0.0,Wednesday
1363,2024-11-21,,,0.0,,,,0.0,,0.0,Thursday
1364,2024-11-22,,,0.0,,,,0.0,,0.0,Friday
1365,2024-11-23,,,0.0,,,,0.0,,0.0,Saturday
1366,2024-11-24,,,0.0,,,,0.0,,0.0,Sunday
1367,2024-11-25,,,0.0,,,,0.0,,0.0,Monday
1368,2024-11-26,,,0.0,,,,0.0,,0.0,Tuesday
1369,2024-11-27,,,0.0,,,,0.0,,0.0,Wednesday
1370,2024-11-28,,,0.0,,,,0.0,,0.0,Thursday
1371,2024-11-29,,,0.0,,,,0.0,,0.0,Friday
1372,2024-11-30,,,0.0,,,,0.0,,0.0,Saturday
1373,2024-12-01,,,0.0,,,,0.0,,0.0,Sunday
1374,2024-12-02,,,0.0,,,,0.0,,0.0,Monday
1375,2024-12-03,,,0.0,,,,0.0,,0.0,Tuesday
1376,2024-12-04,,,0.0,,,,0.0,,0.0,Wednesday
1377,2024-12-05,,,0.0,,,,0.0,,0.0,Thursday
1378,2024-12-06,,,0.0,,,,0.0,,0.0,Friday
1379,2024-12-07,,,0.0,,,,0.0,,0.0,Saturday
1380,2024-12-08,,,0.0,,,,0.0,,0.0,Sunday
1381,2024-12-09,,,0.0,,,,0.0,,0.0,Monday
1382,2024-12-10,,,0.0,,,,0.0,,0.0,Tuesday
1383,2024-12-11,,,0.0,,,,0.0,,0.0,Wednesday
1384,2024-12-12,,,0.0,,,,0.0,,0.0,Thursday
1385,2024-12-13,,,0.0,,,,0.0,,0.0,Friday
1386,2024-12-14,,,0.0,,,,0.0,,0.0,Saturday
1387,2024-12-15,,,0.0,,,,0.0,,0.0,Sunday
1388,2024-12-16,,,0.0,,,,0.0,,0.0,Monday
1389,2024-12-17,,,0.0,,,,0.0,,0.0,Tuesday
1390,2024-12-18,,,0.0,,,,0.0,,0.0,Wednesday
1391,2024-12-19,,,0.0,,,,0.0,,0.0,Thursday
1392,2024-12-20,,,0.0,,,,0.0,,0.0,Friday
1393,2024-12-21,,,0.0,,,,0.0,,0.0,Saturday
1394,2024-12-22,,,0.0,,,,0.0,,0.0,Sunday
1395,2024-12-23,,,0.0,,,,0.0,,0.0,Monday
1396,2024-12-24,,,0.0,,,,0.0,,0.0,Tuesday
1397,2024-12-25,,,0.0,,,,0.0,,0.0,Wednesday
1398,2024-12-26,,,0.0,,,,0.0,,0.0,Thursday
1399,2024-12-27,,,0.0,,,,0.0,,0.0,Friday
1400,2024-12-28,,,0.0,,,,0.0,,0.0,Saturday
1401,2024-12-29,,,0.0,,,,0.0,,0.0,Sunday
1402,2024-12-30,,,0.0,,,,0.0,,0.0,Monday
1403,2024-12-31,,,0.0,,,,0.0,,0.0,Tuesday
